Word	Pronun	Mean	Reverse	Markdown	Tags
我	wǒ	(thủ qua)	(n) tôi (nhân xưng)	* [ngã]
* (n) tôi (nhân xưng)	Sơ_cấp_01 Hán_Việt
米饭	mǐfàn	(n) Cơm			thức_ăn Sơ_cấp_18
炒饭	chǎofàn	(n) Cơm chiên			thức_ăn
面条	miàntiáo	(n) mì			thức_ăn
面包	miànbāo	(n) bánh mì			thức_ăn
饺子	jiăozi	(n) Bánh bao			thức_ăn Sơ_cấp_16
肉		(bộ) Nhục (thịt)			bộ_thủ bộ_thủ_6_nét
蔬菜	shūcài	(n) rau xanh			thức_ăn
猪肉	zhūròu	(n) Thịt heo			thức_ăn
牛肉	niúròu	(n) Thịt bò			thức_ăn
鱼	yú	(n) Cá			thức_ăn
中餐	zhōngcān	(n) Thức ăn Trung Quốc			thức_ăn
鸡蛋	jīdàn	(n) Trứng gà			thức_ăn
面	miàn	(bộ) Diện (mặt, diện tích)	(n) Mì	* (n) Mì	thức_ăn bộ_thủ bộ_thủ_9_nét
包	bāo	(n) bánh, túi bọc, bao			Hán_Việt Sơ_cấp_16
草莓	căoméi	(n) dâu			trái_cây
梨子	lízi	(n) quả lê			trái_cây
桃子	táozi	(n) quả đào			trái_cây
西瓜	Xīguā	(n) Dưa hấu			trái_cây
橘子	Júzi	(n) Cam, quýt			trái_cây
香蕉	xiāngjiāo	(n) Chuối			trái_cây
苹果	Píngguǒ	(n) Quả táo			trái_cây
牛	niú	(hán việt) ngưu			Hán_Việt
一	[Nhất]	(bộ) Nhất (một)			bộ_thủ bộ_thủ_1_nét Hán_Việt
丨	[cổn]	(bộ) Cổn (nét sổ)			bộ_thủ bộ_thủ_1_nét Hán_Việt
丶		(bộ) Chủ (phẩy)			bộ_thủ bộ_thủ_1_nét
亅		(bộ) Quyết			bộ_thủ bộ_thủ_1_nét
丿		(bộ) Phiệt, Triệt			bộ_thủ bộ_thủ_1_nét
乙		乙,龴,し			bộ_thủ bộ_thủ_1_nét
二		(bộ) Nhị (số hai)			bộ_thủ bộ_thủ_2_nét
亠		(bộ) Đầu			bộ_thủ bộ_thủ_2_nét
儿	er	(bộ) Nhân (nhi)		* [nhi]	bộ_thủ bộ_thủ_2_nét
入		(bộ) Nhập (vào)			bộ_thủ bộ_thủ_2_nét
ハ		(bộ) Bát (tám)			bộ_thủ bộ_thủ_2_nét Hán_Việt
冂		(bộ) Quynh (ngoài đồng)			bộ_thủ bộ_thủ_2_nét
冖		(bộ) Mịch (trùm)			bộ_thủ bộ_thủ_2_nét
冫		(bộ) Băng (nước đá)			bộ_thủ bộ_thủ_2_nét
几	Jǐ	(v) một vài, mấy (câu hỏi)		* [kỷ]	bộ_thủ bộ_thủ_2_nét Sơ_cấp_07
凵		(bộ) Khảm (há miệng)			bộ_thủ bộ_thủ_2_nét
勹		(bộ) Bao			bộ_thủ bộ_thủ_2_nét
力	lì	(bộ) Lực			bộ_thủ bộ_thủ_2_nét
匕		(cái muỗng)			bộ_thủ bộ_thủ_2_nét
匚		(bộ) Phương (đựng), viết nét ngang trước			bộ_thủ bộ_thủ_2_nét
匸		(bộ) Hệ , viết lùi vào đầu dòng 1 chút			bộ_thủ bộ_thủ_2_nét
十		(bộ) Thập (số 10)			bộ_thủ bộ_thủ_2_nét
卜		(bộ) Bốc (bói)			bộ_thủ bộ_thủ_2_nét
卩		(bộ) Tiết, viết bên phải trước			bộ_thủ bộ_thủ_2_nét
厂		(bộ) Hán (sườn núi)			bộ_thủ bộ_thủ_2_nét
厶		(bộ) Khư (riêng tư)			bộ_thủ bộ_thủ_2_nét
又	Yòu	(bộ) Hựu (lại, lần nữa)		* [hựu]	bộ_thủ bộ_thủ_2_nét Sơ_cấp_16
亻		(bộ) Nhân (người) 人			bộ_thủ bộ_thủ_2_nét
刀	[đao]	(bộ) Đao			bộ_thủ bộ_thủ_2_nét
囗		(bộ) Khẩu (miệng)			bộ_thủ bộ_thủ_3_nét
口		(bộ) Vi (chu vi)			bộ_thủ bộ_thủ_3_nét
土		(bộ) Thổ (đất)			bộ_thủ bộ_thủ_3_nét
士		(bộ) Sĩ (thi sĩ)			bộ_thủ bộ_thủ_3_nét
女	Nǚ	(bộ) Nữ (phụ nữ)			bộ_thủ bộ_thủ_3_nét Sơ_cấp_15
夂		(bộ) Tri, Truy (truy, đến sau)			bộ_thủ bộ_thủ_3_nét
大	[Đại]	(bộ) Đại (to lớn, vĩ đại)			bộ_thủ bộ_thủ_3_nét Hán_Việt
宀		(bộ) Miên (Mái nhà)			bộ_thủ bộ_thủ_3_nét
寸		(bộ) Thốn (tấc đất)			bộ_thủ bộ_thủ_3_nét
夕		(bộ) Tịch			bộ_thủ bộ_thủ_3_nét
小	[tiểu]	(bộ) Tiểu (nhỏ, tiểu thư)			bộ_thủ bộ_thủ_3_nét
尢		(bộ) Uông (yếu đuối)			bộ_thủ bộ_thủ_3_nét
尸		(bộ) Thi (xác chết, tử thi)			bộ_thủ bộ_thủ_3_nét
屮		(bộ) Triệt (mầm non, cỏ mới mọc)			bộ_thủ bộ_thủ_3_nét
山		(bộ) Sơn (núi)			bộ_thủ bộ_thủ_3_nét
巾		(bộ) Cân (cái khăn)			bộ_thủ bộ_thủ_3_nét
巛		(bộ) Xuyên (con sông)			bộ_thủ bộ_thủ_3_nét
工		(bộ) Công (công việc)			bộ_thủ bộ_thủ_3_nét
已		(bộ) Kỉ (bản thân, tự kỉ)			bộ_thủ bộ_thủ_3_nét
干	Gàn	(v) làm		* [can]	bộ_thủ bộ_thủ_3_nét Sơ_cấp_12
幺		(bộ) Yêu (nhỏ nhắn, yêu tinh)			bộ_thủ bộ_thủ_3_nét
广		(bộ) Nghiễm (mái nhà)			bộ_thủ bộ_thủ_3_nét
廴		(bộ) Dẫn (bước dài)			bộ_thủ bộ_thủ_3_nét
廾		(bộ) Củng (chắp tay)			bộ_thủ bộ_thủ_3_nét
弋		(bộ) Dặc (chiếm lấy)			bộ_thủ bộ_thủ_3_nét
弓		(bộ) Cung (cái cung)			bộ_thủ bộ_thủ_3_nét
彐,彑		(bộ) Kệ (đầu con nhím)			bộ_thủ bộ_thủ_3_nét
彡		(bộ) Sam (tóc dài)			bộ_thủ bộ_thủ_3_nét
彳	[Xích]	(bộ) Xích (bước ngắn)			bộ_thủ bộ_thủ_3_nét
子		(bộ) Tử (con, mẫu tử)			bộ_thủ bộ_thủ_3_nét
辶,辶		(bộ) Sước (chợt)			bộ_thủ bộ_thủ_3_nét
水	[thủy]	水 氵			bộ_thủ bộ_thủ_3_nét
心	Xīn	心,忄			bộ_thủ bộ_thủ_4_nét
戈		(bộ) Qua (binh khí)			bộ_thủ bộ_thủ_4_nét
戶		(bộ) Hộ (cửa 1 cánh)			bộ_thủ bộ_thủ_4_nét
手	[thủ]	(bộ) Thủ (tay) 扌			bộ_thủ bộ_thủ_4_nét
支		(bộ) Chi (nhánh, chi nhánh)			bộ_thủ bộ_thủ_4_nét
斗		(bộ) Đẩu (cái đấu để đong)			bộ_thủ bộ_thủ_4_nét
斤	jin	(bộ) Cân (cái rìu)			bộ_thủ bộ_thủ_4_nét Sơ_cấp_21
方	[Phương]	(bộ) Phương (vuông, bình phương)			bộ_thủ bộ_thủ_4_nét Hán_Việt
无		(bộ) Vô (không, hư vô)			bộ_thủ bộ_thủ_4_nét
示		(bộ) Thị (chỉ thị)			bộ_thủ bộ_thủ_4_nét
日	Rì	(bộ) Nhật (ngày, chủ nhật)			bộ_thủ bộ_thủ_4_nét Sơ_cấp_22
曰		+ khác với 日 (Nhật) liền nét thì Viết (gạch 1/2 ở giữa)			bộ_thủ bộ_thủ_4_nét
月	Yuè	(bộ) Nguyệt (tháng, trăng, nguyệt thực)			bộ_thủ bộ_thủ_4_nét Sơ_cấp_22
木		(bộ) Mộc (cây)			bộ_thủ bộ_thủ_4_nét
欠		(bộ) Khiếm (khiếm khuyết)			bộ_thủ bộ_thủ_4_nét
止	[chỉ]	(bộ) Chỉ (dừng lại)			bộ_thủ bộ_thủ_4_nét
歹		(bộ) Đãi (xấu xa)			bộ_thủ bộ_thủ_4_nét
殳		(bộ) Thù (binh khí dài)			bộ_thủ bộ_thủ_4_nét
毋		(bộ) Vô (chớ, đừng)			bộ_thủ bộ_thủ_4_nét
比	[tỉ]	(bộ) Tỉ (so sánh, tỉ thí)			bộ_thủ bộ_thủ_4_nét
毛	Máo	毛 ～ 角		* [mao]	bộ_thủ bộ_thủ_4_nét Sơ_cấp_09
氏		(bộ) Thị (họ)			bộ_thủ bộ_thủ_4_nét
气		(bộ) Khí (hơi nước)			bộ_thủ bộ_thủ_4_nét
火	[hỏa]	biến thể 灬			bộ_thủ bộ_thủ_4_nét
爫		爪			bộ_thủ bộ_thủ_4_nét
爻		(bộ) Hào (hào dương)			bộ_thủ bộ_thủ_4_nét
父		(bộ) Phụ (cha, nghĩa phụ)			bộ_thủ bộ_thủ_4_nét
爿,丬		(bộ) Tường (cái giường) 丬			bộ_thủ bộ_thủ_4_nét
片	[phiến]	(bộ) Phiến (mảnh, miếng)			bộ_thủ bộ_thủ_4_nét
牙		(bộ) Nha (răng)			bộ_thủ bộ_thủ_4_nét
牛,牜		(bộ) Ngưu (con trâu, ngưu ma vương)			bộ_thủ bộ_thủ_4_nét
犭		(bộ) Khuyển (con chó)			bộ_thủ bộ_thủ_4_nét
攵		攴,攵			bộ_thủ bộ_thủ_4_nét
玄		(bộ) Huyền (huyền bí, đen)			bộ_thủ bộ_thủ_5_nét
玉		(bộ) Ngọc (đá quý)			bộ_thủ bộ_thủ_5_nét
瓜		(bộ) Qua (quả dưa)			bộ_thủ bộ_thủ_5_nét
瓦		(bộ) Ngõa (ngói)			bộ_thủ bộ_thủ_5_nét
甘		(bộ) Cam (ngọt, cam chịu)			bộ_thủ bộ_thủ_5_nét
生	[Sinh]	(bộ) Sinh (sống)			bộ_thủ bộ_thủ_5_nét
用	Yòng	(bộ) Dụng (dùng, dụng cụ)		* [dụng]	bộ_thủ bộ_thủ_5_nét Sơ_cấp_05
田		(bộ) Điền (ruộng, tá điền)			bộ_thủ bộ_thủ_5_nét
疋		(bộ) Sơ, Thất (đơn vị đo vải)			bộ_thủ bộ_thủ_5_nét
疒		(bộ) Nạch, Tật (bệnh tật)			bộ_thủ bộ_thủ_5_nét
癶		(bộ) Bát (gạt ra, phản bát)			bộ_thủ bộ_thủ_5_nét
白	[bạch]	(bộ) Bạch (màu trắng, thanh bạch)			bộ_thủ bộ_thủ_5_nét Sơ_cấp_14
皮		(bộ) Bì (da, biểu bì)			bộ_thủ bộ_thủ_5_nét
皿		(bộ) Mãnh (bát dĩa)			bộ_thủ bộ_thủ_5_nét
目		(bộ) Mục (mắt, mục sở thị)			bộ_thủ bộ_thủ_5_nét
矛		(bộ) Mâu (mâu thuẫn, cây giáo để đâm)			bộ_thủ bộ_thủ_5_nét
矢		(bộ) Thỉ (mũi tên)			bộ_thủ bộ_thủ_5_nét
石		(bộ) Thạch (đá, cẩm thạch)			bộ_thủ bộ_thủ_5_nét
禸		(bộ) Nhựu, Nhụ (vết chân)			bộ_thủ bộ_thủ_5_nét
禾		(bộ) Hòa (lúa)			bộ_thủ bộ_thủ_5_nét
穴		(bộ) Huyệt (hang, sào huyệt, hang ổ)			bộ_thủ bộ_thủ_5_nét
立		(bộ) Lập (thành lập)			bộ_thủ bộ_thủ_5_nét
竹,⺮	[trúc]	(bộ) Trúc (tre)			bộ_thủ bộ_thủ_6_nét
米		(bộ) Mễ (gạo)			bộ_thủ bộ_thủ_6_nét
糸		(bộ) Mịch (sợi tơ)			bộ_thủ bộ_thủ_6_nét
缶		(bộ) Phẫu (đồ sành)			bộ_thủ bộ_thủ_6_nét
网		(bộ) Võng (lưới, thiên la địa võng)			bộ_thủ bộ_thủ_6_nét
羊		Biến thể ⺶			bộ_thủ bộ_thủ_6_nét
羽		(bộ) Vũ (lông vũ)			bộ_thủ bộ_thủ_6_nét
老	[lão]	(bộ) Lão (già, lão già)			bộ_thủ bộ_thủ_6_nét
而		(bộ) Nhi (mà, và)			bộ_thủ bộ_thủ_6_nét
耒		(bộ) Lỗi (cái cày)			bộ_thủ bộ_thủ_6_nét
耳	[nhĩ]	(bộ) Nhĩ (tai, màng nhĩ)			bộ_thủ bộ_thủ_6_nét
聿		(bộ) Duật (cây bút)			bộ_thủ bộ_thủ_6_nét
臣		(bộ) Thần (bầy tôi)			bộ_thủ bộ_thủ_6_nét
自	[tự]	(bộ) Tự (kể từ, tự bao giờ)			bộ_thủ bộ_thủ_6_nét
臼		(bộ) Cữu (cối giã gạo)			bộ_thủ bộ_thủ_6_nét
舌		(bộ) Thiệt (cái lưỡi)			bộ_thủ bộ_thủ_6_nét
舟		(bộ) Chu (cái thuyền)			bộ_thủ bộ_thủ_6_nét
艮		(bộ) Cấn (bền cứng)			bộ_thủ bộ_thủ_6_nét
色	Sè	(bộ) Sắc (màu sắc)		* [sắc]	bộ_thủ bộ_thủ_6_nét
艸	[Thảo]	(bộ) Thảo (cỏ)			bộ_thủ bộ_thủ_6_nét
虍		(bộ) Hô (vằn của con hổ)			bộ_thủ bộ_thủ_6_nét
虫		(bộ) Trùng (côn trùng, sâu bọ)			bộ_thủ bộ_thủ_6_nét
血		(bộ) Huyết (máu)			bộ_thủ bộ_thủ_6_nét
行	xíng	(bộ) Hành (đi, vi hành)	hàng: dòng	* [hành]
* hàng: dòng
* hành: vận hành
* hạng: thứ hạng
* hạnh: đức hạnh	bộ_thủ bộ_thủ_6_nét Sơ_cấp_17
衣		cách viết khác: 衣,衤			bộ_thủ bộ_thủ_6_nét
襾	[á]	(bộ) Á (chụp lên)			bộ_thủ bộ_thủ_6_nét
舛		(bộ) Suyễn (sai lầm)			bộ_thủ bộ_thủ_6_nét
見	[kiến]	(bộ) Kiến (trông thấy, sáng kiến)			bộ_thủ bộ_thủ_7_nét
角	jiǎo	(ất dụng)	(bộ) Giác (góc, tam giác), hào (tiền tệ, văn viết)	* [giác]
* (bộ) Giác (góc, tam giác), hào (tiền tệ, văn viết)
* 角 ~ 毛	bộ_thủ bộ_thủ_7_nét Sơ_cấp_09
言	Yán	言, 讠		* [ngôn]	bộ_thủ bộ_thủ_7_nét
谷		(bộ) Cốc (thung lũng)			bộ_thủ bộ_thủ_7_nét
豆	[đậu]	(bộ) Dậu (hạt đậu)			bộ_thủ bộ_thủ_7_nét
豕		(bộ) Thỉ (con heo)			bộ_thủ bộ_thủ_7_nét
豸		(bộ) Trĩ (bò sát không chân)			bộ_thủ bộ_thủ_7_nét
貝		(bộ) Bối (vật báu, bảo bối)			bộ_thủ bộ_thủ_7_nét
赤		(bộ) Xích (màu đỏ)			bộ_thủ bộ_thủ_7_nét
走	Zǒu	(thổ chỉ)	(bộ) Tẩu (chạy) ;	* [tẩu]
* (bộ) Tẩu (chạy) ;
* (n) đi (tẩu, hành động bước đi)	bộ_thủ bộ_thủ_7_nét Sơ_cấp_09
足	[túc]	足 = 龰	(bộ) Túc (đầy đủ, sung túc)	* (bộ) Túc (đầy đủ, sung túc)	bộ_thủ bộ_thủ_7_nét
身	[thân]	(bộ) Thân (thân thể)			bộ_thủ bộ_thủ_7_nét
車		(bộ) Xa (chiếc xe)			bộ_thủ bộ_thủ_7_nét
辛		(bộ) Tân (cay)			bộ_thủ bộ_thủ_7_nét
辰		(bộ) Thần (nhật, nguyệt, tinh)			bộ_thủ bộ_thủ_7_nét
邑		(bộ) Ấp (vùng đất)			bộ_thủ bộ_thủ_7_nét
酉	[Dậu]	(bộ) Dậu (gà trong 12 con giáp)			bộ_thủ bộ_thủ_7_nét
釆		(bộ) Biện (phản biện, phân biệt)			bộ_thủ bộ_thủ_7_nét
里	lǐ	(bộ) Lí (hải lí) ; nội (ở trong)			bộ_thủ bộ_thủ_7_nét Sơ_cấp_04 Sơ_cấp_10
麦		(bộ) Mạch (lúa mạch)			bộ_thủ bộ_thủ_7_nét
金	[Kim]	(bộ) Kim (vàng)			bộ_thủ bộ_thủ_8_nét
雨	Yǔ	(bộ) Vũ (mưa) ; (n) mưa		* [vũ]	bộ_thủ bộ_thủ_8_nét Sơ_cấp_11
青	[thanh]	(bộ) Thanh (màu xanh)			bộ_thủ bộ_thủ_8_nét
長	[trường]	(bộ) Trường (dài)			bộ_thủ bộ_thủ_8_nét
阜		(bộ) Phụ (gò đất)			bộ_thủ bộ_thủ_8_nét
隶		(bộ) Đãi (kịp)			bộ_thủ bộ_thủ_8_nét
隹	[chuy]	(bộ) Chuy, Truy (chim đuôi ngắn)			bộ_thủ bộ_thủ_8_nét
非		(bộ) Phi (không, thị phi, Châu Phi)			bộ_thủ bộ_thủ_8_nét
門	[môn]	(bộ) Môn (cửa)			bộ_thủ bộ_thủ_8_nét Hán_Việt
文	[Văn ]	(bộ) Văn (thơ văn)			bộ_thủ bộ_thủ_8_nét
革		(bộ) Cách (cải cách)			bộ_thủ bộ_thủ_9_nét
風	[phong]	(gió, phong vũ, mưa gió)			bộ_thủ bộ_thủ_9_nét
韋		(bộ) Vi (da thuộc)			bộ_thủ bộ_thủ_9_nét
飛, 飞		(bộ) Phi (bay lên, phi cơ, phi hành)			bộ_thủ bộ_thủ_9_nét
韭		(bộ) Phỉ, Cửu (hẹ)			bộ_thủ bộ_thủ_9_nét
音	[âm]	(lập bách)	(bộ) Âm (âm thanh)	* (bộ) Âm (âm thanh)	bộ_thủ bộ_thủ_9_nét Hán_Việt
頁	[hiệt]	(bộ) Hiệt (trang giấy)			bộ_thủ bộ_thủ_9_nét
食, 飠,饣	[thực]	(bộ) Thực (ăn, lương thực)			bộ_thủ bộ_thủ_9_nét
首	Shǒu	(n) bài (đơn vị trong nhạc, thơ)		* [thủ]	Sơ_cấp_30
香		(bộ) Hương (thơm, mùi hương)			bộ_thủ bộ_thủ_9_nét
馬		(bộ) Mã (con ngựa)			bộ_thủ bộ_thủ_10_nét
骨		(bộ) Cốt (xương cốt, bạch cốt tinh)			bộ_thủ bộ_thủ_10_nét
高	[cao]	(bộ) cao (thanh cao)			bộ_thủ bộ_thủ_10_nét Hán_Việt
髟		(bộ) Tiêu (cỏ phủ mái nhà)			bộ_thủ bộ_thủ_10_nét
鬥		(bộ) Đấu (chiến đấu)			bộ_thủ bộ_thủ_10_nét
鬯		(bộ) Sưởng (rượu nếp)			bộ_thủ bộ_thủ_10_nét
鬲		(bộ) Cách (tên nước Cách ngày xưa)			bộ_thủ bộ_thủ_10_nét
鬼		(bộ) Quỷ (con quỷ, quỷ quyệt)			bộ_thủ bộ_thủ_10_nét
魚		(bộ) Ngư (con cá)			bộ_thủ bộ_thủ_11_nét
鳥		(bộ) Điểu (con chim)			bộ_thủ bộ_thủ_11_nét
鹵		(bộ) Lỗ (đất mặn)			bộ_thủ bộ_thủ_11_nét
鹿		(bộ) Lộc (con hươu, tuần lộc)			bộ_thủ bộ_thủ_11_nét
麥		(bộ) Mạch (lúa tẻ)			bộ_thủ bộ_thủ_11_nét
麻	[ma]	(bộ) Ma (cây gai)			bộ_thủ bộ_thủ_11_nét Hán_Việt
黄, 黃		(bộ) Hoàng (màu vàng, hoàng đế)			bộ_thủ bộ_thủ_12_nét Sơ_cấp_14
黑	Hēi	(bộ) Hắc (màu đen)		* [hắc]	bộ_thủ bộ_thủ_12_nét Sơ_cấp_14
黍		(bộ) Thử (lúa nếp)			bộ_thủ bộ_thủ_12_nét
黹		(bộ) Chỉ (khâu vá)			bộ_thủ bộ_thủ_12_nét
鼎		(bộ) Đỉnh (cái vạc, cái lư)			bộ_thủ bộ_thủ_13_nét
黽		(bộ) Mãnh (con ếch)			bộ_thủ bộ_thủ_13_nét
鼠		(bộ) Thử (con chuột)			bộ_thủ bộ_thủ_13_nét
鼓		(bộ) Cổ (cái trống)			bộ_thủ bộ_thủ_13_nét
鼻		(bộ) Tị (cái mũi)			bộ_thủ bộ_thủ_14_nét
齒,歯,齿		(bộ) Xỉ (cái răng)			bộ_thủ bộ_thủ_15_nét
龍,龙		(bộ) Long (con rồng)			bộ_thủ bộ_thủ_16_nét
亀, 龜, 龟		(bộ) Quy (con rùa)			bộ_thủ bộ_thủ_16_nét
龠		(bộ) Dược (sáo)			bộ_thủ bộ_thủ_17_nét
夊		(bộ) Tuy (đi chậm)			default
至	[chí]	(a) đến, tới, cực kỳ			Hán_Việt
你好	nǐ hǎo	xin chào			Sơ_cấp_01
你好吗？	nǐ hǎo ma	bạn khỏe không			Sơ_cấp_01
读	dú	讠 = 言	(v) đọc	* [độc]
* (v) đọc	Sơ_cấp_03 Hán_Việt
打开书	dǎ kāi shū	mở sách ra (đả khai thư)			Sơ_cấp_03
作业	zuòyè	bài tập về nhà			Sơ_cấp_01
老师	lǎoshī	giáo viên, cô giáo, thầy giáo (lão - sư)			Sơ_cấp_01
对不起	duibuqǐ	xin lỗi (đối bất khởi)			Sơ_cấp_01
谢谢	xièxie	cảm ơn			Sơ_cấp_01
不客气	bú kèqi	không có chi			Sơ_cấp_01
早上好	zǎoshang hǎo	chào buổi sáng (tảo – thượng – hảo)			Sơ_cấp_01
下午好	xiàwǔ hǎo	chào buổi chiều			Sơ_cấp_01
晚上好	wǎnshang hǎo	chào buổi tối (vãn – thượng – hảo)			Sơ_cấp_01
晚安	wǎn ān	chúc ngủ ngon (vãn - an)			Sơ_cấp_01
没关系	méi guānxi	không sao			Sơ_cấp_01
再见	zàijiān	tạm biệt (tái – kiến)			Sơ_cấp_01
请进	qǐng jìn	(xin) mời vào (thỉnh – tiến)			Sơ_cấp_01
读生词	dú shēngcí	đọc từ mới (độc – sinh – từ)			Sơ_cấp_03
听	tīng [thính]	(khẩu cân)	nghe	* nghe	Sơ_cấp_01 Hán_Việt
听写	tīngxiě	chính tả (thính – tả)			Sơ_cấp_01
多少 钱？	duōshao qián	bao nhiêu (tiền)			Sơ_cấp_09
读课文	dú kèwén	đọc đoạn văn (độc – khóa – văn)			Sơ_cấp_03
跟我读	gēn wǒdú	theo tôi (cân – ngã – độc)			Sơ_cấp_03
再说一遍	zāi shuō yī biān	(tái – thuyết – nhất – biến)			Sơ_cấp_01
您好	nǐn hǎo	kính chào (nẫn hảo)			Sơ_cấp_01
明天见	míngtiān jiàn	hẹn gặp lại (minh – thiên – kiến)			Sơ_cấp_01
做 练习	zuò liànxí	[tố - luyện - tập]			Sơ_cấp_01
第一课	di-yī kè	bài 1			Sơ_cấp_01
名词	Míngcí	danh từ			Sơ_cấp_01
动词	Dòngcí	động từ			Sơ_cấp_01
形容词	Xíngróngcí	tính từ			Sơ_cấp_01
代词	Dàicí	đại từ			Sơ_cấp_01
副词	Fùcí	trạng từ			Sơ_cấp_01
连词	Liáncí	liên từ			Sơ_cấp_01
介词	Jiècí	giới từ			Sơ_cấp_01
主语	ZhǔYǔ	chủ ngữ			Sơ_cấp_01
你	nǐ	bạn			Sơ_cấp_01
好	hǎo [hảo]	tốt			Sơ_cấp_01
很	hěn [hẫn]	(xích cấn)	rất	* rất	Sơ_cấp_01
也	yě [dã]	cũng			Sơ_cấp_01 Hán_Việt
是	Shì [thị]	phải ; là ; đúng			Sơ_cấp_02 Hán_Việt
不是	bú Shì	không phải			Sơ_cấp_01
吗	[ma]	phải không			Sơ_cấp_02 Hán_Việt
不	bú	không		* [bất]	Sơ_cấp_01 Hán_Việt
学生	Xuéshēng	học sinh, sinh viên			Sơ_cấp_01
他	tā [tha]	(nhân dã)	anh ấy	* anh ấy	Sơ_cấp_01 Hán_Việt
她	tā [tha]	(nữ dã)	cô ấy	* cô ấy	Sơ_cấp_01 Hán_Việt
留学生	Liúxuéshēng	học sinh / sinh viên quốc tế			Sơ_cấp_02
叫	Jiào [khiếu]	(khẩu cưu)	gọi là, tên là	* gọi là, tên là	Sơ_cấp_01 Hán_Việt
什么	Shénme	Ngữ pháp: đứng trước danh từ mang nghĩa "gì", nào"	vd: 什么人 (người nào)	* vd: 什么人 (người nào)	Sơ_cấp_03
名字	Míngzì	tên			Sơ_cấp_01
认识你很高兴	Rènshì nǐ hěn gāoxìng	rất vui được gặp bạn			Sơ_cấp_02
你呢	nǐne	còn bạn			Sơ_cấp_01
你 叫 什么 名字	Nǐ jiào shénme míngzì	Tên bạn là gì			Sơ_cấp_01
第	di [đệ]	⺮ = 竹	(trúc phiệt điếu)	* (trúc phiệt điếu)
* (n) đệ, thứ bậc	Sơ_cấp_01 Hán_Việt
课	kè	讠 = 言	(ngôn quả)	* [khóa]
* (ngôn quả)
* khóa ; lớp học	Sơ_cấp_03 Sơ_cấp_08 Hán_Việt
下	Xià	Hạ (dưới, xuống) ; (v) Rơi xuống		* [Hạ]	Sơ_cấp_04 Hán_Việt
哪	nǎ	那 - 这 - 哪			Sơ_cấp_03
国	guó	quốc (đất nước)		* [Quốc]	Sơ_cấp_02 Hán_Việt
人	rén	cách viết khác: 𠂉 , 亻		* [nhân]	Sơ_cấp_02 Hán_Việt
同学	tóngxué	lớp học (đồng – học)			Sơ_cấp_02
同学们	tóngxué men	cả lớp			Sơ_cấp_02
来	lái	(bộ mộc 木)	đến, đi đến, (để, nào)	* [lai]
* đến, đi đến, (để, nào)
* ngữ pháp: dùng sau động từ để tăng mức độ
* vd: 出来 đi ra, 下来 đi xuống	Sơ_cấp_02 Hán_Việt
介绍	jièshào	giới thiệu			Sơ_cấp_02
一下儿	yí xiàr	Vd: giới thiệu sơ, giới thiệu 1 chút			Sơ_cấp_02
姓	xìng	họ (đệm), tính (danh tính)		* [tính]	Sơ_cấp_02 Hán_Việt
认识	Rènshì	gặp ; biết (nhận-thức)			Sơ_cấp_02
高兴	Gāoxìng	vui ; hạnh phúc			Sơ_cấp_02
大学	Dàxué	đại học, trường đại học			Sơ_cấp_05
注意	Zhùyì	lưu ý			Sơ_cấp_03
东方大学	Dōngfāng dàxué	Trường đại học Đông Phương			Sơ_cấp_05
美国	Měiguó	Mỹ quốc (nước Mỹ)			Sơ_cấp_02
玛丽	Mǎlì	Mã Lệ - Mary			Sơ_cấp_02
安娜	Ānnà	Anna			Sơ_cấp_02
加拿大	Jiānádà	Canada			Sơ_cấp_02
中国	Zhōngguó	Trung Quốc			Sơ_cấp_02
英国	Yīngguó	Anh Quốc (nước Anh)			Sơ_cấp_02
法国	Fàguó	Nước Pháp			Sơ_cấp_02
日本	Rìběn	Nhật Bản			Sơ_cấp_02
韩国	Hánguó	Hàn Quốc			Sơ_cấp_02
我来介绍一下儿	Wǒ lái jièshào yīxià er	Tôi đến giới thiệu một chút			Sơ_cấp_02
刘	Liú	(văn đao)	Lưu	* [lưu]
* Lưu	Sơ_cấp_02 Hán_Việt
刘明	Liú míng	Lưu Minh			Sơ_cấp_02
李军	Lǐ jūn	Lý Quân			Sơ_cấp_02
大卫	Dà wèi	Đại vệ (david)			Sơ_cấp_02
王	Wáng [Vương]	Vương (vua chúa)			Sơ_cấp_02 Hán_Việt
的	de	(bạch chước)	(a) của	* [đích
* để]
* (a) của
* Vd:A 的 B ->B của A
* (trợ từ cuối câu) đấy
* vd: 好的 tốt đấy
* (ngữ pháp) sau tính từ 2 chữ trở lên
* vd: 漂亮的人 người xinh đẹp
* (ngữ pháp) định ngữ lược giản
* vd: 这是谁的书？不是我的！ (不是我的书)
* (ngữ pháp) X + 的, trong đó X có thể là danh từ, đại từ, động từ, tính từ thì 的 đóng vai trò là 1 danh từ, nghĩa là `cái`
* vd: 新的 cái mới	Sơ_cấp_03 Hán_Việt
那	nà [na]	那 - 这 - 哪			Sơ_cấp_03 Hán_Việt
这	Zhè [giá]	(sước văn)	đây, (cái) này	* đây, (cái) này
* 那 - 这 - 哪	Sơ_cấp_03 Hán_Việt
书	shū	sách		* [thư]	Sơ_cấp_03 Hán_Việt
書	shū	sách	thư tín	* [thư]
* thư tín	Sơ_cấp_03 Hán_Việt
谁	shuí	讠 = 言	(ngôn chuy)	* [thùy]
* (ngôn chuy)
* ai	Sơ_cấp_03 Hán_Việt
同屋	Tóng wū	cùng phòng (đồng ốc)			Sơ_cấp_03
汉语	Hànyǔ	tiếng Trung (hán ngữ)			Sơ_cấp_03
课本	Kèběn	sách giáo khoa (giản thể của課)			Sơ_cấp_04
词典	Cídiǎn	từ điển			Sơ_cấp_04
就是	Jiùshì	ngay cả	chính là	* chính là
* 就是我不知道
* vd: ngay cả mình cũng không biết
* 他就是刘老师
* vd: anh ấy chính là thầy giáo Lưu	Sơ_cấp_04 Sơ_cấp_17
语	Yǔ [ngữ]	讠 = 言	ngữ (giản thể của 語)	* ngữ (giản thể của 語)	Sơ_cấp_01 Hán_Việt
日语	Rìyǔ	tiếng Nhật			Sơ_cấp_02
英语	Yīngyǔ	tiếng Anh			Sơ_cấp_02
法语	Fǎyǔ	tiếng Pháp			Sơ_cấp_02
磁带	Cídài	cuộn băng			Sơ_cấp_04
音乐	Yīnyuè	âm nhạc			Sơ_cấp_04
朋友	Péngyǒu	bạn bè (bằng hữu)			Sơ_cấp_03
本	Běn [bản]	bản, bổn, quyển (sách)			Sơ_cấp_03 Hán_Việt
中村	Zhōngcūn	Trung Thôn (Nakamura)			Sơ_cấp_02
图书馆	Túshū guǎn	thư viện			Sơ_cấp_04
在	Zài	(v) ở		* [tại]	Sơ_cấp_04
哪儿	Nǎ'er	那儿 - 这儿 - 哪儿			Sơ_cấp_04
请问	Qǐngwèn	thứ lỗi			Sơ_cấp_04
知道	Zhīdào	biết			Sơ_cấp_04
教学	Jiàoxué	dạy học			Sơ_cấp_04
楼	Lóu	nhà, lầu, tầng		* [lâu]	Sơ_cấp_04
宿舍	Sùshè	(dưới mái nhà, 1 trăm người đứng trò chuyện)			Sơ_cấp_04
北边	Běibian	hướng bắc			Sơ_cấp_04
南边	Nánbian	hướng nam			Sơ_cấp_04
东边	Dōngbian	hướng đông			Sơ_cấp_04
左边	Zuǒbiān	bên trái (tả)			Sơ_cấp_04
右边	Yòubiān	bên phải (hữu)			Sơ_cấp_04
不用	Bùyòng	không cần			Sơ_cấp_04
不用谢\t	Bùyòng xiè	không cần (phải) cảm ơn (đâu)			Sơ_cấp_04
对	Duì	(hựu thốn)	đúng, đối với, trả lời	* [đối]
* đúng, đối với, trả lời	Sơ_cấp_04 Hán_Việt
下边	Xiàbian	bên dưới			Sơ_cấp_04
商店	Shāngdiàn	cửa hàng			Sơ_cấp_04 Sơ_cấp_13
邮局	Yóujú	bưu điện			Sơ_cấp_04 Sơ_cấp_13
那是谁的书？	Nà shì shéi de shū?	Đó là sách của ai?			Sơ_cấp_03
这是什么磁带？	Zhè shì shénme cídài?	Đây là cuộn băng gì?			Sơ_cấp_04
这是汉语磁带	Zhè shì hànyǔ cídài?	Đây là cuộn băng hán ngữ			Sơ_cấp_04
那儿	nàr	哪儿 - 那儿 - 这儿			Sơ_cấp_03
这儿	Zhèr	哪儿 - 那儿 - 这儿			Sơ_cấp_03
西边	Xībian	hướng tây			Sơ_cấp_04
专业	Zhuānyè	chuyên nghiệp， chuyên môn			Sơ_cấp_05
国际	Guójì	quốc tế			Sơ_cấp_05
关系	Guānxì	quan hệ			Sơ_cấp_05
中文	Zhōngwén	Trung Văn			Sơ_cấp_05
系	Xì	(phiệt + mịch)	bộ phận (hệ: thế hệ, phân hệ)	* [hệ]
* bộ phận (hệ: thế hệ, phân hệ)	Sơ_cấp_05 Hán_Việt
研究生	Yánjiūshēng	sinh viên tốt nghiệp (nghiên-cứu-sinh)			Sơ_cấp_05
现代	Xiàndài	hiện đại			Sơ_cấp_05
文学	Wénxué	văn học			Sơ_cấp_05
有	Yǒu	𠂇: tả	có (hữu)	* [hữu]
* có (hữu)	Sơ_cấp_05
空儿	Kòng’er	rảnh			Sơ_cấp_05 Sơ_cấp_08
时候	Shíhòu	thời gian (thì – hậu ; hậu, khí hậu)			Sơ_cấp_05
欢迎	Huānyíng	hoan nghênh, chào mừng			Sơ_cấp_05
去	Qù	(thổ khư)	đi (/xùy/ ; âm ü đứng sau j-q-x)	* [khứ]
* đi (/xùy/ ; âm ü đứng sau j-q-x)	Sơ_cấp_05 Hán_Việt
玩儿	Wán er	chơi			Sơ_cấp_05
卫生间	Wèishēngjiān	nhà vệ sinh			Sơ_cấp_05
教室	Jiàoshì	lớp học (giáo – thất)			Sơ_cấp_05
旁边	Pángbiān	bên cạnh			Sơ_cấp_05
现在	Xiànzài	hiện tại			Sơ_cấp_05
张红	Zhāng hóng	Trương Hồng			Sơ_cấp_05
中华大学	Zhōnghuá dàxué	đại học Trung Hoa			Sơ_cấp_05
点	Diǎn	灬 = 火	(chiêm hỏa)	* [điểm]
* (chiêm hỏa)
* giờ, chấm, nốt	Sơ_cấp_06
上课	Shàng kē	vào lớp (lên lớp)			Sơ_cấp_07
下课	Xiàkè	tan học (xuống lớp)			Sơ_cấp_07
部分	Bùfèn	phần ; bộ phận (một phần)			Sơ_cấp_07
分	Fēn	phút (phút giây)	xu (tiền tệ)	* [phân]
* xu (tiền tệ)	Sơ_cấp_06
学校	Xuéxiào	trường học			Sơ_cấp_07
半	Bàn	một nửa (bán)		* [bán]	Sơ_cấp_06
太...了	Tài...Le	quá (quá mức)			Sơ_cấp_07
早	Zǎo	(nhật thập)	sớm	* [tảo]
* sớm	Sơ_cấp_07 Hán_Việt
电影	Diànyǐng	điện ảnh			Sơ_cấp_06
开始	Kāishǐ	bắt đầu			Sơ_cấp_07
差	Chà	thiếu	sai: sai khiến, sai lầm	* [sai
* sái]
* sai: sai khiến, sai lầm
* sái: thiếu	Sơ_cấp_07
刻	Kè	khắc (1 khắc): 15 phút		* [khắc]	Sơ_cấp_06
一会儿	yí huìer	một lát nữa (đọc là dĩ - khuơ)			Sơ_cấp_06
见	Jiàn	gặp ; thấy ; nhìn		* [kiến]	Sơ_cấp_06 Hán_Việt
明天	Míngtiān	ngày mai			Sơ_cấp_08
上午	Shàngwǔ	buổi sáng			Sơ_cấp_07
没有	Méiyǒu	không có			Sơ_cấp_08
下午	Xiàwǔ	buổi chiều			Sơ_cấp_07
自行车	Zìxíngchē	骑自行车： đi xe đạp			Sơ_cấp_08
吧	Ba	(trợ từ) nha, nhé, ư?, sao? à?...		* [ba]	Sơ_cấp_07
事	Shì	sự, sự việc		* [sự]	Sơ_cấp_07
可是	Kěshì	nhưng			Sơ_cấp_07
没问题	Méi wèntí	không hề gì, không thành vấn đề			Sơ_cấp_08
钥匙	Yàoshi	chìa khóa			Sơ_cấp_08
车	Chē	xe (xa) (phồn thể: 車)		* [xa]	Sơ_cấp_08
车棚	Chēpéng	nhà để xe			Sơ_cấp_08
后边	Hòubian	đằng sau (hậu biên)			Sơ_cấp_07
今天	Jīntiān	hôm nay (kim-thiên)			Sơ_cấp_07
时间	Shíjiān	thời gian			Sơ_cấp_08
电影院	Diànyǐngyuàn	rạp chiếu phim (điện-ảnh-viện)			Sơ_cấp_08
听说	Tīng shuō	nghe nói			Sơ_cấp_07
有名	Yǒumíng	có tiếng, nổi tiếng (hữu danh)			Sơ_cấp_08
当然	Dāngrán	tất nhiên, đương nhiên			Sơ_cấp_07
上	Shàng	trước (thời gian, trước đó)		* [thượng]	Sơ_cấp_07 Hán_Việt Sơ_cấp_16
外	wài	ngoại (ở ngoài)		* [ngoại]	Sơ_cấp_07
前	qián	䒑 = 艸	(thảo)	* [tiền]
* (thảo)
* tiền (trước)	Sơ_cấp_07
后	hòu [hậu]	𠂋: triệt	hậu (sau)	* hậu (sau)	Sơ_cấp_07
左	zuǒ	𠂇: tả	tả (trái)	* [tả]
* tả (trái)	Sơ_cấp_07
右	yòu	hữu (phải)		* [hữu]	Sơ_cấp_07 Hán_Việt
电话	Diànhuà	(n) điện thoại			Sơ_cấp_08
号码	Hàomǎ	mã số			Sơ_cấp_08
号	[Hào]	(khẩu khảo)	số (con số)	* số (con số)
* kích thước	Sơ_cấp_08 Sơ_cấp_15
多少	Duōshǎo	bao nhiêu			Sơ_cấp_09
周末	Zhōumò	cuối tuần			Sơ_cấp_06 Sơ_cấp_08
呀	ya	nha， chứ	ví dụ: 好呀 được chứ (tại sao không chứ)	* [nha]
* ví dụ: 好呀 được chứ (tại sao không chứ)	Sơ_cấp_08
怎么	Zěnme	như thế nào, làm cách nào, làm sao (how) ;			Sơ_cấp_09
和	Hé	và (đọc là kh nhẹ)	hòa theo	* [hòa]
* hòa theo	Sơ_cấp_09
路	lù	(túc các)	lộ (đường)	* [lộ]
* lộ (đường)
* hạng, thứ, loại	Sơ_cấp_09
公共汽车	Gōnggòng qìchē	xe buýt (công-cộng-khí-xa)			Sơ_cấp_09
都	Dōu	(giả ấp)	đều, tất cả, thủ đô	* [đô]
* đều, tất cả, thủ đô	Sơ_cấp_08
骑	Qí	骑 = 馬 奇	(mã cơ)	* [kỵ]
* (mã cơ)
* cưỡi (cưỡi ngựa)
* kỵ binh
* đi (xe đạp)	Sơ_cấp_09
快	Kuài	(tâm quái)	nhanh nhẹn	* [khoái]
* nhanh nhẹn
* sắp + ... : sắp xảy ra	Sơ_cấp_09 Sơ_cấp_26
分钟	Fēnzhōng	phút			Sơ_cấp_06
校园	Xiàoyuán	sân trường			Sơ_cấp_09
房间	Fángjiān	gian phòng (phòng-gian)			Sơ_cấp_09
室	Shì	(miên chí)	(n) phòng (thất vd: nội thất)	* [thất]
* (n) phòng (thất vd: nội thất)	Sơ_cấp_09 Hán_Việt
手机	Shǒujī	điện thoại di động			Sơ_cấp_08
等	Děng	(trúc tự)	đợi	* [đẳng]
* đợi	Sơ_cấp_08
但是	dan'shi	nhưng mà			Sơ_cấp_08
钱	qián	(kim tiên)	(n) tiền	* [ tiền]
* (n) tiền	Sơ_cấp_09
瓶	Píng	(bính ngõa)	chai, cái bình, cái lọ	* [bình]
* chai, cái bình, cái lọ	Sơ_cấp_09
师傅	Shīfù	(n) sư phụ			Sơ_cấp_09
买	Mǎi	(ất đầu)	(v) mua	* [mãi]
* (v) mua	Sơ_cấp_09
乛	[ất]	thuộc bộ Ất			Sơ_cấp_09
啤酒	Píjiǔ	(n) bia			Sơ_cấp_09
块	kuai	(n) đồng, đống	块 ~ 元	* [khối]
* 块 ~ 元	Sơ_cấp_09
两	Liǎng	(n) hai, cặp, đôi		* [lưỡng]	Sơ_cấp_09 Hán_Việt
汽水儿	Qìshuǐr	(n) nước có gas			Sơ_cấp_09
一共	yígòng	(n) tổng cộng			Sơ_cấp_09
给	Gěi	(mịch )	(v) tặng, cho	* [cấp]
* (v) tặng, cho	Sơ_cấp_09
小姐	Xiǎojiě	(n) tiểu thư			Sơ_cấp_09
看	Kàn	龵 = 手	(v) nhìn	* [khán]
* (v) nhìn	Sơ_cấp_09
这些	Zhèxiē	(n) những			Sơ_cấp_09
要	Yào	覀 = 襾	(á nữ)	* [yêu]
* (á nữ)
* yêu cầu, đòi hỏi, muốn	Sơ_cấp_09
零钱	Língqián	(n) tiền lẻ			Sơ_cấp_09
元	yuán	(nhị nguyên)	đồng (văn bản)	* [nguyên]
* đồng (văn bản)
* 元 ~ 块	Sơ_cấp_09
颜色	Yán sè	(n) màu sắc			Sơ_cấp_14
红色	hóng sè	(n) màu đỏ			Màu_sắc
黄色	huáng sè	(n) màu vàng			Màu_sắc
绿色	lǜ sè	(n) màu xanh lá cây			Màu_sắc Sơ_cấp_14
蓝色	lán sè	(n) màu xanh			Màu_sắc Sơ_cấp_14
紫色	zǐ sè	(n) màu tím			Màu_sắc
橙色	chéng sè	(n) màu cam			Màu_sắc
白色	bái sè	(n) màu trắng			Màu_sắc
黑色	hēi sè	(n) màu đen			Màu_sắc
灰色	hūi sè	(n) màu xám			Màu_sắc Sơ_cấp_14
棕色	zōng sè	(n) màu nâu			Màu_sắc
种	Zhǒng	(n) chủng, loại			Màu_sắc Sơ_cấp_18
粉色	Fěnsè	(n) màu hồng			Màu_sắc
冬天	Dōngtiān	[夂冫][大一]			Sơ_cấp_11
比较	Bǐjiào	(adv) khá			Sơ_cấp_11
天气	Tiānqì	[大一]			Sơ_cấp_11
怎么样	Zěnme yàng	thế nào, thế nào hả			Sơ_cấp_11
不太	Bù tài	[大丶]			Sơ_cấp_11
风	Fēng	gió (phong)		* [phong]	Sơ_cấp_11
度	Dù	độ (độ C)		* [độ]	Sơ_cấp_11
晴天	Qíngtiān	[日青] [大一]			Sơ_cấp_11
秋天	Qiūtiān	[禾火][大一]			Sơ_cấp_11
热	Rè	(hỏa chấp)	nóng	* [nhiệt]
* nóng	Sơ_cấp_11
舒服	Shūfú	thoải mái, dễ chịu (thời tiết)		* [thư phục]	Sơ_cấp_11
最	Zuì	(nhật nhĩ hựu)	cực kỳ (tối cao)	* [tối]
* cực kỳ (tối cao)
* nhất (so sánh)
* Ngữ pháp: 最+động từ (thích nhất, ghét nhất)
* ex: 最喜欢, 最好。	Sơ_cấp_11
季节	Jìjié	mùa			Sơ_cấp_11
差不多	Chàbùduō	gần như			Sơ_cấp_11
零下	Língxià	dưới 0 (âm)			Sơ_cấp_11
常常	Chángcháng	luôn luôn, thường xuyên			Sơ_cấp_11
常	cháng	(học khẩu cân)	龸 = 小 冖	* [thường]
* 龸 = 小 冖	Sơ_cấp_11
雪	Xuě	(vũ kệ)	tuyết	* tuyết	Sơ_cấp_11
喜欢	Xǐhuān	thích			Sơ_cấp_11
夏天	Xiàtiān	mùa hè			Sơ_cấp_11
游泳	Yóuyǒng	đi bơi			Sơ_cấp_11
春天	Chūntiān	mùa xuân			Sơ_cấp_11
北京	Běijīng	Bắc Kinh			Sơ_cấp_11
身体	Shēntǐ	(n) cơ thể, thân thể ; sức khỏe			Sơ_cấp_11 Sơ_cấp_20
冷	Lěng	(a) lạnh lẽo		* [lãnh]	Sơ_cấp_11
天	[thiên]	trời, ngày			Hán_Việt Sơ_cấp_06
明	[minh]	(nhật nguyệt)	(a) sáng	* (a) sáng	Hán_Việt
习	[tập]	(v) luyện tập			Hán_Việt
柬	giản	(mộc + khẩu + chủ)	(n) thiệp	* (n) thiệp
* (v) kén chọn	Hán_Việt
练	[luyện]	(mịch giản)	(n) lụa	* (n) lụa
* (v) luyện tập	Hán_Việt
古	[cổ]	(thập khẩu)	(a) cũ, xưa	* (a) cũ, xưa	Hán_Việt
做	[tố]	亻 = 人	(v) làm	* (v) làm	Hán_Việt
您	[nâm]	(nẫn tâm)	bạn (trân trọng)	* [nẫn]
* bạn (trân trọng)	Hán_Việt
再	Zài， [tái]	(adv) lần nữa, lặp lại, sau đó	Ngữ pháp	* Ngữ pháp
* 再+V: V lần nữa, thêm
* vd: 再买 mua thêm	Hán_Việt Sơ_cấp_26
说	[thuyết]	讠 = 言	(ngôn đoái)	* (ngôn đoái)
* (v) nói (thuyết	Hán_Việt
遍	[biến]	辶 = 辵	(n) lần, lượt	* (n) lần, lượt	Hán_Việt
写	Xiě	(mịch dự)	(v) viết, chép	* [tả]
* (v) viết, chép	Sơ_cấp_23
跟	[cân]	(túc cấn)	(v) đi theo	* (v) đi theo	Hán_Việt
词	[từ]	讠 = 言	(ngôn tư)	* (ngôn tư)
* (n) từ	Hán_Việt
请	[thỉnh]	讠 = 言	(ngôn thanh)	* (ngôn thanh)
* (v) mời	Hán_Việt
进	[tiến]	tiến lên, vào			Hán_Việt
没	[một]	(thủy thù)	(v) không, lặn	* (v) không, lặn	Hán_Việt
少	shǎo	(a) kém, không đủ	1 vài	* [thiếu]
* [thiểu]
* 1 vài	Hán_Việt Sơ_cấp_18
关	[quan]	(chủ thiên)	(n) quan ải, quan hệ	* (n) quan ải, quan hệ
* (v) đóng (đóng cửa)	Hán_Việt Sơ_cấp_13
晚	Wǎn， [vãn]	(n) chiều	(adj) trễ	* (adj) trễ	Hán_Việt Sơ_cấp_24
客	[khách]	khách: người ngoài			Hán_Việt
各	[các]	mỗi một			Hán_Việt
起	qǐ	(v) bắt đầu	(v) dậy (thức dậy)	* [khởi]
* (v) dậy (thức dậy)	Hán_Việt Sơ_cấp_19
师	[sư]	(đao nhất cân)	thầy	* thầy	Hán_Việt
作	[tác]	亻 = 人	làm, tạo nên	* làm, tạo nên	Hán_Việt
乍	[sạ]	chợt, bất chợt			Hán_Việt
打	Dǎ	(v) đánh, gõ (chữ)	(v) bắn, nã	* [đả
* tá]
* (v) bắn, nã
* (v) gọi (điện), đánh (điện)
* (v) bơm, tiêm, vẽ
* (v) chơi
* (n) tá: 12	Hán_Việt Sơ_cấp_12 Sơ_cấp_24
丁	[đinh]	vd: đinh hợi			Hán_Việt
开	Kāi	(nhất củng)	mở	* [khai]
* mở
* viết ra	Hán_Việt Sơ_cấp_22
马		马=馬 (mã)			Hán_Việt
午	[ngọ]	(n) buổi trưa			Hán_Việt
业	[nghiệp]	nghề nghiệp			Hán_Việt
多	[đa]	(tịch tịch)	nhiều	* nhiều	Hán_Việt
安	[an]	(miên nữ)	an	* an	Hán_Việt
谢	[tạ]	讠 = 言	(ngôn thân thốn)	* (ngôn thân thốn)
* cảm tạ	Hán_Việt
主	[chủ]	(chủ vương)			Hán_Việt
什	[thậm]	什 = 人 十			Hán_Việt
么	[ma]	(phiệt khư)	(a) bé nhỏ	* (a) bé nhỏ	Hán_Việt
介	[giới]	(nhân phiệt cổn)			Hán_Việt
代	[đại]	(nhân dặc)	(n) đại diện	* (n) đại diện	Hán_Việt
名	[danh]	(tịch khẩu)	(n) danh, danh từ	* (n) danh, danh từ	Hán_Việt
字	[tự]	(n) tự, chữ			Hán_Việt
呢	[nỉ]	呢 = 口 尸 匕			Hán_Việt
副	[phó]	⺉ = 刀			Hán_Việt
动	[động]	动 = 云 力			Hán_Việt
学	[học]	(tiểu mịch tử)			Hán_Việt
形	[hình]	(khai mao)	(n) hình, hình dáng	* (n) hình, hình dáng	Hán_Việt
容	[dung]	(miên cốc)	(n) hình dong, chứa đựng	* (n) hình dong, chứa đựng
* Cà phê Du Miên (du(ng) miên cốc)	Hán_Việt
留	[lưu]	(mẹo/mão điền)	(v) lưu giữ, lưu lại	* (v) lưu giữ, lưu lại	Hán_Việt
兴	[hưng]	(3 phẩy nhất bát)	(n) hưng thịnh	* (n) hưng thịnh	Hán_Việt
连	[liên]	(sước xa)			Hán_Việt
东	[Đông]	(n) hướng đông			Hán_Việt
中	[Trung]	ở giữa			Hán_Việt
绍	[thiệu]	(mịch triệu)	(v) thiệu , giới thiệu	* (v) thiệu , giới thiệu	Hán_Việt
召	[triệu]	(v) hiệu triệu			Hán_Việt
加	[gia]	(v) gia tăng			Hán_Việt
拿	[nã]	(hợp thủ)	(v) cầm, nắm	* (v) cầm, nắm	Hán_Việt
合	[hợp]	(n) hợp, thích hợp, hợp nhất			Hán_Việt
同	[đồng]	(n) cùng nhau			Hán_Việt
们	[môn]	(nhân môn)	chúng (chúng ta, chúng nó)	* chúng (chúng ta, chúng nó)	Hán_Việt
门	Mén	(n) cửa	môn: đơn vị cho môn học	* [môn]
* môn: đơn vị cho môn học	Sơ_cấp_28
韩	[hàn]	𠦝 (trác) = 十 早	Nước Hàn	* Nước Hàn	Hán_Việt
认	[nhận]	(v) nhận ra, biết			Hán_Việt
识	[thức]	(ngôn chỉ)	(v) biết	* (v) biết	Hán_Việt
只	Zhǐ	(khẩu bát)	(a) chỉ, chỉ một	* [chỉ
* chích]
* (a) chỉ, chỉ một
* (n) chích (đơn chiếc)	Hán_Việt Sơ_cấp_10
英	[anh]	(thảo ương)	(n) anh tài, tài giỏi	* (n) anh tài, tài giỏi	Hán_Việt
央	[ương]	(n) ương, trung ương, trung tâm, ở giữa			Hán_Việt
美	Měi， [mỹ]	𦍌 = 羊	(dương đại)	* (dương đại)
* (n) mỹ, đẹp	Hán_Việt Sơ_cấp_27
玛	[mã]	(ngọc mã)			Hán_Việt
丽	[lệ]	(n) đẹp đẽ (tráng lệ)			Hán_Việt
注	[chú]	⺡= 水	(v) chú ý, chú thích	* (v) chú ý, chú thích	Hán_Việt
意	Yì	ý, ý nghĩa, ý nghĩa		* [ý]	Hán_Việt
法	[pháp]	⺡ = 水	qui tắc, phép tắc	* qui tắc, phép tắc	Hán_Việt
李	[lí]	cây mận			Hán_Việt
军	[quân]	(mịch xa)	quân, binh lính	* quân, binh lính	Hán_Việt
娜	[na]	(nữ nguyệt phụ)	nhỏ nhắn	* nhỏ nhắn	Hán_Việt
村	[thôn]	(n) thôn xóm, làng quê			Hán_Việt
屋	[ốc]	(thi chí)	(n) ốc, nhà, cao ốc	* (n) ốc, nhà, cao ốc	Hán_Việt
就	Jiù	(n) tới | nên (công thành danh tựu)	(adv) V+就: ngay (làm ngay) | liền (liền xảy ra);	* [tựu]
* (adv) V+就: ngay (làm ngay) | liền (liền xảy ra);
* (adv) time + 就: ... là | đã (10 phút là về | 2 tiếng đã xong)	Hán_Việt Sơ_cấp_12
京	[kinh	(đầu khẩu tiểu)	(n) kinh đô, thủ đô	* nguyên]
* (n) kinh đô, thủ đô	Hán_Việt
尤	[vưu]	(a) lạ kỳ, ưu tú	(v) oán trách	* (v) oán trách	Hán_Việt
朋	[bằng]	(n) bạn bè			Hán_Việt
友	[hữu]	(tả hựu)	(n) bạn bè	* (n) bạn bè	Hán_Việt
汉	[Hán]	⺡ = 水	(n) Hán, nhà Hán	* (n) Hán, nhà Hán	Hán_Việt
磁	[từ]	(thạch ty)	(n) từ trường	* (n) từ trường	Hán_Việt
兹	[ty	䒑 = 艸	(n) ty: màu đen	* tư
* từ]
* (n) ty: màu đen
* (n) tư: có ích	Hán_Việt
典	[điển]	(n) chuẩn mực (điển hình)			Hán_Việt
乐	[lạc	(n) sung sướng	(n) âm nhạc	* nhạc]
* (n) âm nhạc	Hán_Việt
边	[biên]	(n) biên giới, giới hạn, bên (hướng)			Hán_Việt
北	[bắc]	(n) bắc, hướng bắc			Hán_Việt
南	[nam]	(n) hướng nam			Hán_Việt
商	[thương]	(đầu bát quýnh)	(n) buôn bán	* (n) buôn bán	Hán_Việt
店	[điếm]	(nghiễm chiếm)	(n) quán trọ	* (n) quán trọ	Hán_Việt
占	[chiếm]	(v) chiếm đoạt			Hán_Việt
图	[đồ]	(khẩu đông)	(n) vẽ	* (n) vẽ	Hán_Việt
馆	[quán]	饣 = 食	(thực quan)	* (thực quan)
* (n) nhà, nơi ở, quán trọ	Hán_Việt
食	[thực]	đồ ăn, thức ăn			Hán_Việt
官	[quan]	(miên dĩ)	(n) quan, quan chức	* (n) quan, quan chức	Hán_Việt
宿	[túc]	(miên nhân bách)	(n) trú ngụ, chỗ nghỉ ngơi	* (n) trú ngụ, chỗ nghỉ ngơi	Hán_Việt
舍	[xá	xá: quán trọ, trạm xá	xả: vứt bỏ, bỏ đi	* xả]
* xả: vứt bỏ, bỏ đi	Hán_Việt
教	[giáo]	(hiếu phộc)	(v) giáo dục, dạy dỗ	* (v) giáo dục, dạy dỗ	Hán_Việt
孝	[hiếu]	(lão tử)	(a) hiếu thảo	* (a) hiếu thảo	Hán_Việt
耂	[lão]	(n) hội ý			Hán_Việt
知	[tri]	(thỉ khẩu)	(v) biết	* (v) biết	Hán_Việt
道	[đáo	(sước thủ)	(n) đạo: đường	* đạo]
* (n) đạo: đường
* (v) đáo: nói	Hán_Việt
西	[tây]	西 = 一 儿 口			Hán_Việt
问	Wèn	门 = 門	(n) hỏi	* [vấn]
* (n) hỏi	Hán_Việt Sơ_cấp_20
邮	[bưu]	(n) trạm			Hán_Việt
局	[cục]	(n) bộ phận			Hán_Việt
专	[chuyên]	chuyên			Hán_Việt
専	[chuyên]	専 = 十 田 寸			Hán_Việt
华	[hoa]	(a) đẹp			Hán_Việt
卫	[vệ]	(bộ tiết)	(v) bảo vệ	* (v) bảo vệ	Hán_Việt
间	[gian]	间 = 門 日	(n) gian nhà, không gian,...	* (n) gian nhà, không gian,...	Hán_Việt
际	[tế]	(phụ thị)	(adv) giữa, bên cạnh	* (adv) giữa, bên cạnh	Hán_Việt
张	Zhāng	(cung trường)	(v) giương lên, treo lên	* [trương]
* (v) giương lên, treo lên
* (n) tờ, tấm, chiếc	Sơ_cấp_29
红	[hồng]	(mịch công)	(n) màu đỏ	* (n) màu đỏ	Hán_Việt
旁	[bàng]	(adv) = bên cạnh			Hán_Việt
时	[thời]	(n) thời gian			Hán_Việt
候	[hậu]	(n) khí hậu, thăm dò			Hán_Việt
欢	[hoan]	(n) mừng			Hán_Việt
迎	[nghênh]	(sước ngang)	(v) đón tiếp	* (v) đón tiếp	Hán_Việt
玩	[ngoạn]	⺩ = 玉	(v) chơi đùa, du ngoạn	* (v) chơi đùa, du ngoạn	Hán_Việt
现	[hiện]	⺩ = 玉	(ngọc kiến)	* (ngọc kiến)
* (n) xuất hiện, bây giờ	Hán_Việt
研	[nghiên]	(thạch khai)	(n) nghiên cứu	* (n) nghiên cứu	Hán_Việt
究	[cứu]	(huyệt cửu)	xem xét tỉ mỉ	* xem xét tỉ mỉ	Hán_Việt
空	[khổng]	(huyệt công)	trống rỗng, khoảng trống	* trống rỗng, khoảng trống	Hán_Việt
会	Huì	(n) hội hè, hội họp, tụ hội	(v) sẽ, biết (hiểu biết)	* [hội]
* (v) sẽ, biết (hiểu biết)
* Ngữ pháp: đặt trước động từ chỉ khả năng làm điều đó	Hán_Việt Sơ_cấp_17
云	[vân]	vân vân, còn nhiều			Hán_Việt
亥	[hợi]	hợi trong 12 con giáp			Hán_Việt
太	[thái]	cao to, rất, quá			Hán_Việt
了	Le	xong, hết, đã, rồi		* [liễu]	Hán_Việt Sơ_cấp_16
校	[giáo	giáo: kiểm tra	hiệu: trường học	* hiệu]
* hiệu: trường học	Hán_Việt
始	[thủy]	bắt đầu			Hán_Việt
电	[điện]	điện, điện lực			Hán_Việt
影	[ảnh]	(cảnh sam)	bóng, ảnh	* bóng, ảnh	Hán_Việt
景	[cảnh]	(nhật kinh)	phong cảnh	* phong cảnh	Hán_Việt
部	[bộ]	bộ (sách, phim...)			Hán_Việt
今	[kim]	nay, đương kim			Hán_Việt
可	Kě， [khả]	khả, có thể			Hán_Việt Sơ_cấp_15
巴	[ba]	mong ngóng			Hán_Việt
当	[đương]	đương (đương nhiên)			Hán_Việt
然	[nhiên]	đúng thế			Hán_Việt
题	[đề]	(thị hiệt)	tiêu đề	* tiêu đề	Hán_Việt
页	[hiệt]	tờ giấy			Hán_Việt
院	[viện]	⻖ = 邑	sở, viện	* sở, viện	Hán_Việt
完	Wán	hoàn thành, hoàn tất		* [hoàn]	Sơ_cấp_28
亍	[súc]	彳: xích, chân trái bước	亍: xúc, chân phải bước	* 亍: xúc, chân phải bước	Hán_Việt
棚	[bằng]	nhà rạp			Hán_Việt
钥	[thược]	cái khoá			Hán_Việt
匙	[thi]	cái thìa			Hán_Việt
但	[đán]	(nhân đán)	nhưng	* nhưng	Hán_Việt
旦	[đán]	buổi sớm			Hán_Việt
公	[công]	chung (công ty, công cộng)			Hán_Việt
共	[cộng]	(龷 thảo bát)	cùng nhau, chung	* cùng nhau, chung	Hán_Việt
汽	[khí]	(⺡水)	hơi nước	* hơi nước	Hán_Việt
钟	[chung]	(kim chung)	cái chuông, đồng hồ	* cái chuông, đồng hồ	Hán_Việt
码	[mã]	码 = 石 馬	mã (số)	* mã (số)	Hán_Việt
周	[chu]	họ Chu, vòng quanh, tuần lễ			Hán_Việt
𠮷	[cát]	𠮷			Hán_Việt
末	[mạt]	ngọn, cuối cùng			Hán_Việt
怎	[chẩm]	(sạ tâm)	thế nào	* thế nào	Hán_Việt
房	[phòng]	(hộ phương)	căn phòng	* căn phòng	Hán_Việt
机	[cơ]	máy móc, công việc			Hán_Việt
园	[viên]	vườn			Hán_Việt
话	[thoại]	nói			Hán_Việt
寺	[tự]	chùa			Hán_Việt
者	[giả]	(lão nhật)	người (học giả, tác giả)	* người (học giả, tác giả)	Hán_Việt
奇	[cơ]	cơ số, số lẻ, kỳ lạ			Hán_Việt
啤	[bì]	bia			Hán_Việt
酒	[tửu]	(thủy dậu)	rượu	* rượu	Hán_Việt
夬	[quái]	quẻ quái trong kinh dịch			Hán_Việt
姐	[thư]	chị			Hán_Việt
且	[thả]	vừa (vừa cái này, vừa cái kia)			Hán_Việt
傅	[phụ]	sư phụ			Hán_Việt
些	[ta]	ít ỏi			Hán_Việt
此	[thử]	bên này			Hán_Việt
零	[linh]	(vũ lệnh)	203 (2 linh 3)	* 203 (2 linh 3)	Hán_Việt
令	[lệnh]	chỉ thị			Hán_Việt
冬	[đông]	mùa đông			Hán_Việt
喜	[hỷ]	(trú khẩu)	壴 = 十 豆	* 壴 = 十 豆
* (thập đậu)
* vui vẻ	Hán_Việt
夏	[hạ]	(nhất tự truy)	mùa hè	* mùa hè	Hán_Việt
季	[quý]	mùa, út, nhỏ			Hán_Việt
节	Jié	(thảo tiết)	+ tiết trời	* [tiết]
* + tiết trời
* + lễ hội
* + lễ	Hán_Việt Sơ_cấp_18
样	[dạng]	hình dạng			Hán_Việt
春	[xuân]	(tam nhân nhật)	mùa xuân	* mùa xuân
* 𡗗 = 三 人	Hán_Việt
晴	[tình]	tạnh (mưa)			Hán_Việt
较	[giảo]	(xa giao)	giác: tay xe	* giác: tay xe
* giảo: so với	Hán_Việt
游	[du]	(thủy lưu)	đi chơi	* đi chơi	Hán_Việt
泳	[vịnh]	(thủy vĩnh)	bơi lội, lặn dưới nước	* bơi lội, lặn dưới nước	Hán_Việt
永	[vĩnh]	lâu dài, vĩnh viễn			Hán_Việt
秋	[thu]	(hòa hỏa)	mùa thu	* mùa thu	Hán_Việt
舒	[thư]	(xả dư)	thư giãn, giãn, thong thả	* thư giãn, giãn, thong thả	Hán_Việt
予	[dư]	cho			Hán_Việt
龴	[ất]	thuộc bộ Ất			Hán_Việt
服	[phục]	𠬝 =卩 又	y phục, quần áo	* y phục, quần áo	Hán_Việt
体	[thể]	hình thể			Hán_Việt
交	[giao]	(đầu phụ)	giao tiếp, trao cho	* giao tiếp, trao cho	Hán_Việt
八	[bát]	số 8			Hán_Việt
丂	[khảo]	khảo			Hán_Việt
亽	[tập]	亼 = 人 一			Hán_Việt
壴	[trú]	壴 = 十 豆			Hán_Việt
廿	[chấp]	hai mươi			Hán_Việt
斿	[lưu]	(phương nhân tử)	𠂉 biến thể 人	* 𠂉 biến thể 人	Hán_Việt
执	[chấp]	(thủ hoàn)	cầm giữ, thi hành, thực hiện	* cầm giữ, thi hành, thực hiện	Hán_Việt
丸	[hoàn]	viên tròn nhỏ			Hán_Việt
九	[cửu]	9,chín			Hán_Việt
头	Tóu	(chủ đại)		* [đầu]	Hán_Việt Sơ_cấp_21
卑	[ty]	thấp hèn			Hán_Việt
尃	[phu]	(phủ thốn)	bày ra	* bày ra	Hán_Việt
甫	[phủ]	họ Phủ			Hán_Việt
并	[tính]	丷 = 八	tinh: châu tinh	* tinh: châu tinh
* bính: thôn tính
* tính: gộp lại	Hán_Việt
戋	[tiên]	nhỏ nhặt			Hán_Việt
兑	[đoái]	đổi, trả			Hán_Việt
兄	[huynh]	anh trai, huynh đệ			Hán_Việt
肰	[nhiên]	thịt chó			Hán_Việt
犬	[khuyển]	chó			Hán_Việt
果	[quả]	kết quả, trái			Hán_Việt
台	[đài]	lâu đài			Hán_Việt
咅	[phôi]	咅 = 立 口			Hán_Việt
化	[hóa]	化 = 亻 匕			Hán_Việt
冏	[quýnh]	sáng sủa			Hán_Việt
佰	[mạch]	100			Hán_Việt
百	[bách]	100			Hán_Việt
娄	[lâu]	娄 = 米 女			Hán_Việt
由	[do]	lý do, vì			Hán_Việt
勺	[thược]	勺 = 勹 丶			Hán_Việt
吾	[ngô]	吾 = 五 口			Hán_Việt
五	[ngũ]	năm			Hán_Việt
司	[ty]	𠮛 = 一 口	công ty	* công ty	Hán_Việt
韦	[vy]	韦			Hán_Việt
弔	[điếu]	viếng người chết			Hán_Việt
故	[cố]	cố ý, cũ kỹ			Hán_Việt
冉	[nhiễm]	yếu ớt			Hán_Việt
扁	[biển]	(hộ sách)	khinh thường	* khinh thường	Hán_Việt
免	[miễn]	khỏi			Hán_Việt
卖	[mại]	bán			Hán_Việt
畐	[phúc]	phúc lành			Hán_Việt
卯	[mẹo	卯 = 夕 卩		* mão]	Hán_Việt
喂	wéi	alo		* [uy = khẩu úy]	Sơ_cấp_12
畏	[úy = điền y]	𧘇 bộ y	sợ	* sợ	Hán_Việt
啊	[a]	ah			Sơ_cấp_12
阿	[a	nương tựa		* á]	Hán_Việt
正	Zhèng	在 / 正 / 正在	đang, chỉ, chỉ đang (làm gì)	* [chính
* chánh]
* đang, chỉ, chỉ đang (làm gì)
* giữa, chính, ngay thẳng
* chỉ (just)	Sơ_cấp_12 Sơ_cấp_13
每	Měi	mỗi		* [mỗi = nhân vô]	Sơ_cấp_12
回	Huí， [hối	hồi, về, quay lại		* hồi]	Sơ_cấp_12
唱	Chàng	(v) hát		* [xướng]	Sơ_cấp_12
自己	Zìjǐ	tự (làm)			Sơ_cấp_12
你在干什么呢？	Nǐ zài gànshénme ne	bạn đang làm gì thế			Sơ_cấp_12
对面	Duìmiàn	đối diện, bên kia			Sơ_cấp_12
几天	jǐ tiān	một vài ngày			Hán_Việt
件	jiàn	(n) việc (sự kiện)	(n) đồ vật đựng trong bọc (bưu kiện)	* [kiện]
* (n) đồ vật đựng trong bọc (bưu kiện)	Hán_Việt
光彩	guāngcǎi	ex: 不光彩的事 -> không vẻ vang gì		* [quang thái]	Hán_Việt
彩	cǎi	tia sáng		* [thái]	Hán_Việt
真	zhēn	đúng, thật		* [chân]	Hán_Việt Sơ_cấp_17
具	jù	dụng cụ, đồ dùng		* [cụ]	Hán_Việt
难	nán	khó khăn		* [nan]	Sơ_cấp_28
为	Wèi	vì		* [vị]	Hán_Việt
情	qíng	tình, tình cảm, tình huống		* [tình]	Hán_Việt
难为情	nánwéiqíng	xấu hổ, ngại ngùng		* [nan vị tình]	Hán_Việt
出	chū	ra		* [xuất]	Hán_Việt
江	jiāng	sông, sông lớn		* [giang]	Hán_Việt
看到	Kàn dào	trông thấy, nhìn thấy		* [khán đáo]	Hán_Việt
到	dào	đến, tới, đến nơi		* [đáo]	Hán_Việt
做了	Zuòle	Ngữ pháp: V + 了 -> đã + V		* [tố liễu]	Hán_Việt
位	wèi	vị, vị trí, vị thế, địa vị	vị, ngài, bạn,... ()	* [vị]
* vị, ngài, bạn,... ()
* ngôi	Hán_Việt
捉	zhuō	(v) bắt, bắt giữ		* [tróc]	Hán_Việt
蛙	wā	(n) con ếch		* [oa]	Hán_Việt
圭	[khuê]	khuê			Hán_Việt
赶	gǎn	(v) đuổi theo		* [cản]	Hán_Việt
忙	máng	bận, bận rộn		* [mang]	Hán_Việt Sơ_cấp_15
亡	wáng	mất đi, chết đi		* [vong]	Hán_Việt
把	bǎ	(v) cầm, đem, mang		* [bả]	Hán_Việt
它	tā	nó (vật, động vật)		* [tha]	Hán_Việt
家	jiā	gia, nhà, gia đình		* [gia]	Hán_Việt
养	yǎng	(v) dưỡng, nuôi dưỡng		* [dưỡng]	Hán_Việt
渐渐	jiàn	dần dần		* [tiệm]	Hán_Việt
瘦	[sấu]	gầy, mòn			Hán_Việt
下来	Xiàlái	V + 下来 -> kéo dài từ quá khứ đến hiện tại	vd: gầy đi, mờ dần, tối lại	* vd: gầy đi, mờ dần, tối lại
* https://tiengtrungtoandien.com/dong-tu-xu-huong	Hán_Việt
像	xiàng	tượng, hình tượng, giống như		* [tượng]	Hán_Việt
象	xiàng	con voi		* [tượng]	Hán_Việt
好像	Hǎoxiàng	hình như, dường như			Sơ_cấp_21
放	fàng	(v) thả		* [phóng]	Hán_Việt
一定	yīdìng	nhất định, chắc chắn			Sơ_cấp_27
书店	shūdiàn	(n) nhà sách			Sơ_cấp_12
咖啡	Kāfēi	cà phê			Sơ_cấp_12
喝	Hē	(v) uống	ban ngày (nhật) , một người (nhân), nên uống nhiều nước (khẩu)	* [hát]
* ban ngày (nhật) , một người (nhân), nên uống nhiều nước (khẩu)	Sơ_cấp_12
酒吧	Jiǔbā	(n) quán rượu			Sơ_cấp_12
所以	Suǒyǐ	sở dĩ, do đó, vì vậy		* [sở dĩ]	Sơ_cấp_12
四	Sì	số 4		* [tứ]	Sơ_cấp_12
中午	Zhōngwǔ	buổi trưa, giữa trưa			Sơ_cấp_12
从。。。到	Cóng dào	từ ... đến			Sơ_cấp_12
星期三	Xīngqí-sān	Ngữ pháp:	+ thứ 2 đến thứ 7: 星期 + (num-1)	* + thứ 2 đến thứ 7: 星期 + (num-1)
* vd: 星期一 (thứ 2)	Sơ_cấp_12
休息	Xiūxí	nghỉ ngơi			Sơ_cấp_12
息	xí	(v) nghỉ, thở	(n) con cái (tử tức), hơi thở	* [tức]
* (n) con cái (tử tức), hơi thở	Hán_Việt
休	xiū	nghỉ ngơi		* [hưu]	Hán_Việt
讲座	Jiǎngzuò	bài giảng			Sơ_cấp_12
星期天	Xīngqítiān	星期日			Sơ_cấp_12
从	Cóng	đi theo		* [tòng]	Hán_Việt
咖	[già	咖 = 口 加		* ca]	Hán_Việt
啡	[phi]	phi, phê			Hán_Việt
曷	[hạt]	bao giờ			Hán_Việt
匃	[cái]	cầu xin, ăn xin			Hán_Việt
亾	[vong]	(xem chữ vong)			Hán_Việt
囬	[hồi]	về	Hồi giáo	* Hồi giáo	Hán_Việt
所	[sở = hộ cân]	sở (công sở)	nơi	* nơi	Hán_Việt
以	[dĩ]	lý do			Hán_Việt
星	[tinh = nhật sinh]	ngôi sao			Hán_Việt
期	[cơ	hẹn, kỳ hẹn, thời kỳ,		* ky
* kỳ]	Hán_Việt
其	[kì]	họ, chúng nó			Hán_Việt
讲	[giảng = ngôn tĩnh]	讲 = 言 井			Hán_Việt
座	[tòa = nghiễm tọa]	tòa, tòa nhà			Hán_Việt
坐	Zuò	ngồi (yên tọa), tọa đàm		* [tọa]	Hán_Việt Sơ_cấp_17
还	Hái	trả lại	còn, vẫn còn, vẫn chưa	* [hoàn]
* còn, vẫn còn, vẫn chưa
* vd: 还有 còn có	Sơ_cấp_12
照片	Zhàopiàn	(n) ảnh, hình			Sơ_cấp_10
照	[chiếu]	(v) chiếu (đối chiếu, so sánh)	(v) soi (soi sáng)	* (v) soi (soi sáng)
* (n) ảnh	Hán_Việt
昭	[chiêu]	sáng sủa, rõ rệt			Hán_Việt
家庭	Jiātíng	gia đình			Sơ_cấp_10
庭	[đình]	đình (gia đình, tòa án, sân)			Hán_Việt
廷	[đình]	triều đình			Hán_Việt
壬	[nhâm	nhâm (can thứ 9 trong mười can)	to lớn	* nhậm]
* to lớn
* nịnh	Hán_Việt
一般	Yībān	thông thường			Sơ_cấp_12
这样	Zhèyàng	như vậy, ra vậy			Sơ_cấp_10
条狗	Tiáo gǒu	con chó			Sơ_cấp_10
条	[điều]	chiếc (đũa), con (vật), điều mục, điều khoản			Hán_Việt
狗	[cẩu]	chó			Hán_Việt
爷爷	yéyé	ông nội			Sơ_cấp_10
爷	[da]	ông nội			Hán_Việt
奶	[nãi]	bà nội			Hán_Việt
奶奶	Nǎinai	bà nội			Sơ_cấp_10
哥哥	Gēgē	anh trai			Sơ_cấp_10
哥	[ca]	anh			Hán_Việt
弟弟	Dìdì	em trai			Sơ_cấp_10
弟	[đệ]	em trai			Hán_Việt
妹妹	mèimei	em gái			Sơ_cấp_10
妹	[muội]	em gái			Hán_Việt
未	[mùi]	mùi (8 trong chi can), vị (vị thế)			Hán_Việt
姐姐	Jiějiě	chị			Sơ_cấp_10
售货员	Shòuhuòyuán	nhân viên bán hàng			Sơ_cấp_09
售	[thụ]	bán			Hán_Việt
员	[viên]	nhân viên, người			Hán_Việt
过	Guò	quá: vượt quá, quá mức	qua: vượt qua, đi qua, trải qua	* [qua
* quá]
* qua: vượt qua, đi qua, trải qua
* sang (tên)	Sơ_cấp_08 Sơ_cấp_18
不过	Bùguò	chỉ là			Sơ_cấp_08
大部分	Dà bùfèn	hầu hết			Sơ_cấp_06
般	[bàn]	bàn hoàn, quanh co, quay về			Hán_Việt
昌	[xương]	tốt đẹp, sáng sủa			Hán_Việt
井	[tĩnh]	cái giếng			Hán_Việt
母	[mẫu]	mẫu, mẹ			Hán_Việt
句	[câu	câu văn, câu cú, cú pháp		* cú]	Hán_Việt
取	Qǔ	lấy		* [thủ]	Sơ_cấp_13
包裹	Bāoguǒ	bưu kiện			Sơ_cấp_13
巳	[tỵ]	con rắn (trong 12 chi), thuộc bộ kỷ 己			Hán_Việt
裹	[khỏa]	bọc, gói			Hán_Việt
先	Xiān	đầu tiên, trước		* [tiên]	Sơ_cấp_13
东西	Dōngxī	vd: 买东西 mua đồ, mua cái gì đó			Sơ_cấp_13
然后	Ránhòu	sau đó			Sơ_cấp_13
发	Fā	(v) gửi, gửi đi	(n) tóc	* [phát]
* (n) tóc	Sơ_cấp_13
咱们	Zánmen	chúng mình, chúng ta (bao gồm cả người nói và người nghe)			Sơ_cấp_13
咱	[ta]	ta, tôi, mình			Hán_Việt
一起	Yīqǐ	cùng nhau			Sơ_cấp_13
关门	Guānmén	đóng cửa			Sơ_cấp_13
打算	Dǎsuàn	(v) dự định, định			Sơ_cấp_13
购物	Gòuwù	mua sắm			Sơ_cấp_13
购	[cấu = kiến câu]	mua sắm	mưu bàn	* mưu bàn	Hán_Việt
勾	[câu = bao khư]	móc câu, cong			Hán_Việt
物	[vật]	đồ vật, con vật	(trâu là con vật)	* (trâu là con vật)	Hán_Việt
勿	[vật]	đừng chớ, dừng lại			Hán_Việt
中心	Zhōngxīn	trung tâm			Sơ_cấp_13
购物中心	Gòuwù zhòng xīn	trung tâm mua sắm			Sơ_cấp_13
贵	Guì	(a) quý giá	(a) đắt, mắc	* [quý = trung - nhất - kiến]
* (a) đắt, mắc	Sơ_cấp_13
还可以	Hái kěyǐ	tàm tạm			Sơ_cấp_13
质量	Zhìliàng	chất lượng			Sơ_cấp_13
质	[chất = thập kiến hán]	chất liệu, chất rắn			Hán_Việt
量	[lượng = đán lí]	khả năng, dung lượng, đo lường			Hán_Việt
不错	Bùcuò	không tệ			Sơ_cấp_13
错	Cuò	sai, lầm, nhầm, xấu	(kim-tịch)	* [thố]
* (kim-tịch)	Sơ_cấp_29
昔	[tích	xưa, cũ (di tích)	bản chất là 2 bộ thảo, nhưng giản thể thành 1 bộ thảo và 1 bộ nhất	* tịch]
* bản chất là 2 bộ thảo, nhưng giản thể thành 1 bộ thảo và 1 bộ nhất	Hán_Việt
衣服	Yīfú	y phục, quần áo			Sơ_cấp_13
开门	Kāimén	(v) mở cửa			Sơ_cấp_13
我们	Wǒmen	chúng ta (không bao gồm người nghe)			Sơ_cấp_13
好不好？		Ngữ pháp: trong tiếng Trung, có thể đặt câu hỏi dạng ?+不+? với ý nghĩa là "có... (hay) không"	ví dụ: đi hay không 去不去?	* ví dụ: đi hay không 去不去?	Sơ_cấp_13
浅	Qiǎn	nông, cạn, nhạt (màu)	thiển - thủy - tiên	* [thiển]
* thiển - thủy - tiên	Sơ_cấp_14
颜	[nhan]	vẻ mặt			Hán_Việt
彦	[ngạn]	kẻ sĩ có tài có đức			Hán_Việt
产	[sản]	sinh sản, đẻ			Hán_Việt
毛衣	Máoyī	áo len			Sơ_cấp_14
挺	Tǐng	khá	đỉnh thủ đình	* [đĩnh]
* đỉnh thủ đình
* đình dẫn nhâm	Sơ_cấp_14
好看	Hǎokàn	đẹp, nhìn đẹp			Sơ_cấp_14
容易	Róngyì	dễ dàng			Sơ_cấp_14
易	[dị	dị: dễ	dịch: thay đổi	* dịch]
* dịch: thay đổi	Hán_Việt
脏	Zàng	tạng: nội tạng, ngũ tạng	tảng: dơ, bẩn	* [tảng
* tạng]
* tảng: dơ, bẩn	Sơ_cấp_14
庄	[trang]	trang trại, gia trang			Hán_Việt
蓝	Lán	xanh		* [lam]	Sơ_cấp_14
监	[giam	giam: giam cầm, trại giam	giám: trông coi (giám thị)	* giám]
* giám: trông coi (giám thị)	Hán_Việt
有点儿	Yǒudiǎn'r	+ 有点儿水 một chút nước	Đứng sau tính từ: (hơn) một chút	* Đứng sau tính từ: (hơn) một chút
* + 好有点儿 tốt hơn một chút
* 有一点儿点儿: một chút xíu	Sơ_cấp_14
深	Shēn	sâu, khuya (tối), sậm/tối (màu)	Thâm - Thủy Huyệt (khuyết) Mộc	* [thâm]
* Thâm - Thủy Huyệt (khuyết) Mộc	Sơ_cấp_14
漂亮	Piàoliang	xinh đẹp			Sơ_cấp_14
漂	[phiêu]	trôi nổi	phiêu - thủy - phiếu	* phiêu - thủy - phiếu	Hán_Việt
票	Piào， [phiêu	覀 = 西	phiêu: nhẹ nhàng, nhanh nhẹn	* phiếu]
* phiêu: nhẹ nhàng, nhanh nhẹn
* phiếu: tem phiếu, vé
* 覀 là cách viết khác của tây	Sơ_cấp_29
亮	[lượng]	sáng, thanh cao	(Gia Cát Lượng)	* (Gia Cát Lượng)	Hán_Việt
昨天	Zuótiān	ngày hôm qua			Sơ_cấp_14
昨	[tạc]	hôm qua			Hán_Việt
新	Xīn	mới		* [tân]	Sơ_cấp_14
亲	Qīn	thân thuộc		* [thân]	Hán_Việt
朩	[đẳng]	bộ mộc			Hán_Việt
辆	Liàng	lượng, chiếc (xe), cỗ (xe)		* [lượng
* lạng]	Sơ_cấp_14
旧	Jiù	cũ		* [cựu]	Sơ_cấp_14
便宜	Piányí	tiện nghi, giá rẻ， rẻ			Sơ_cấp_14
便	[tiện]	tiện lợi	tiểu tiện	* tiểu tiện	Hán_Việt
更	[canh]	canh (canh giờ)	càng, hơn	* càng, hơn	Hán_Việt
宜	[nghi]	thích nghi, phù hợp, nên			Hán_Việt
丢	[đâu]	mất, biến mất			Hán_Việt
别的	Bié de	khác, cái khác			Sơ_cấp_14
别	Bié	(v) phân biệt, khác biệt	(v) đừng	* [biệt]
* (v) đừng	Hán_Việt Sơ_cấp_20
另	[lánh]	khác, riêng biệt			Hán_Việt
灰	Huī	xám, tro		* [hôi]	Sơ_cấp_14
绿	Lǜ	xanh lá cây	(gõ lv)	* [lục]
* (gõ lv)	Sơ_cấp_14
录	[lục]	⺢ = 水	ghi chép	* ghi chép	Hán_Việt
生日	Shēngrì	sinh nhật			Sơ_cấp_15
晚饭	Wǎnfàn	bữa tối			Sơ_cấp_15
以后	Yǐhòu	sau khi			Sơ_cấp_15
一直	Yīzhí	luôn luôn			Sơ_cấp_15
准备	Zhǔnbèi	chuẩn bị			Sơ_cấp_15
礼物	Lǐwù	lễ vật, quà tặng			Sơ_cấp_15
蛋糕	Dàngāo	sơ trùng tang -> đản	muốn nấu bánh thì phải có gạo (mễ), có lửa (hỏa), nấu nhuyễn như cao dê (dương)	* muốn nấu bánh thì phải có gạo (mễ), có lửa (hỏa), nấu nhuyễn như cao dê (dương)	Sơ_cấp_15
送	Sòng	cho, tiễn		* [tống]	Sơ_cấp_15
特别	Tèbié	đặc biệt			Sơ_cấp_15
男	Nán	nam			Sơ_cấp_15
还是	Háishì	hoặc			Sơ_cấp_15
巧克力	Qiǎokèlì	sô cô la			Sơ_cấp_15
甜	Tián	ngọt		* [điềm]	Sơ_cấp_15
那么	Nàme	sau đó			Sơ_cấp_15
束	Shù	quản thúc, bó buộc, bó	vd: bó hoa, bó buộc	* [thúc]
* vd: bó hoa, bó buộc	Sơ_cấp_15
花	Huā	(n) hoa	(v) trải qua, tiêu tốn, tiêu hao	* (v) trải qua, tiêu tốn, tiêu hao	Sơ_cấp_15 Sơ_cấp_18
主意	Zhǔyì	ý tưởng			Sơ_cấp_15
直	[trực]	thẳng (trung trực)			Hán_Việt
准	[chuẩn]	准 = 冫 隹			Hán_Việt
备	[bị]	(phòng) bị, (trang) bị			Hán_Việt
巧	[xảo]	khéo léo (tinh xảo)			Hán_Việt
克	[khắc]	khắc (phục), khắc (thắng)			Hán_Việt
饭	[phạn]	cơm			Hán_Việt
反	[phản]	ngược lại			Hán_Việt
特	[đặc]	đặc biệt			Hán_Việt
礼	[lễ]	lễ nghĩa, lễ phép			Hán_Việt
蛋	[đản]	trứng (vịt)	cục, hòn (đơn vị)	* cục, hòn (đơn vị)	Hán_Việt
糕	[cao]	bánh bột lọc			Hán_Việt
羔	[cao]	non, dê con, cừu non			Hán_Việt
比如	Bǐrú	Ví dụ			Sơ_cấp_15
如	[như]	như, ví dụ như,...			Hán_Việt
孩	[hài]	đứa trẻ			Hán_Việt
孩子	Háizi	đứa trẻ, đứa bé			Sơ_cấp_15
个	Gè	đứa, cá, cái, (cá thể)		* [cá]	Hán_Việt Sơ_cấp_15
看起来	Kàn qǐlái	dường như, trông như			Sơ_cấp_16
啦	la	lắm (vui lắm)	rồi (đến rồi)	* [lạp]
* rồi (đến rồi)
* à (anh đến à)
* Ngữ pháp: mạo từ giống như 了
* Liệt kê: A + này, B + này
* ex: mì này, cơm này, bún bò này	Sơ_cấp_16 Sơ_cấp_18
拉	[lạp]	nuôi nấng	bẻ gãy	* bẻ gãy	Hán_Việt
可以	kěyǐ	có thể			Sơ_cấp_16
好好儿	Hǎohǎo er	Ngữ pháp: động từ lặp lại, ví dụ "xem xem", "giặt giũ"			Sơ_cấp_16
觉得	Juédé	cảm thấy			Sơ_cấp_16
觉	[giác	cảm thấy		* giáo]	Hán_Việt
得	dé [đắc]	㝵 = 旦 寸	(đắc)	* (đắc)
* (v) trúng
* (v) phải (bắt buộc)	Hán_Việt Sơ_cấp_18
没意思	Méiyìsi	chán, không thú vị, không ý nghĩa			Sơ_cấp_16
思	[tư]	(n) nghĩa (ý nghĩa)	(v) nhớ, mong (tương tư)	* (v) nhớ, mong (tương tư)	Hán_Việt
电视	Diànshì	TV, truyền hình			Sơ_cấp_16
视	[thị]	nhìn			Hán_Việt
洗	Xǐ	rửa		* [tẩy]	Sơ_cấp_16
睡懒觉	Shuìlǎnjiào	ngủ dậy trễ			Sơ_cấp_16
垂	[thùy]	rủ xuống			Hán_Việt
懒	[lãi]	lười biếng, mệt mỏi			Hán_Việt
赖	[lại]	nhờ cậy			Hán_Việt
睡	Shuì	giấc ngủ		* [thụy]	Hán_Việt
睡觉	Shuìjiào	đi ngủ			Sơ_cấp_16
出去	Chūqù	đi ra			Sơ_cấp_16
逛	Guàng	đi mua sắm, đi dạo	(vương dẫn chó đi dạo)	* [cuống]
* (vương dẫn chó đi dạo)	Sơ_cấp_16
狂	[cuồng]	điên cuồng			Hán_Việt
学习	Xuéxí	học tập			Sơ_cấp_16
不同	Bùtóng	khác, khác nhau			Sơ_cấp_16
安排	Ānpái	sắp xếp			Sơ_cấp_16
排	[bài]	xếp			Hán_Việt
饺	[giảo]	bột, bánh cheo			Hán_Việt
迪厅	Dí tīng	vũ trường			Sơ_cấp_16
迪	[địch]	dẫn dắt			Hán_Việt
厅	[sảnh]	phòng khách			Hán_Việt
跳舞	Tiàowǔ	nhảy múa, khiêu vũ			Sơ_cấp_16
跳	[khiêu]	nhảy			Hán_Việt
兆	[triệu]	triệu chứng, một triệu người,...			Hán_Việt
舞	[vũ]	múa			Hán_Việt
音乐会	Yīnyuè huì	hòa nhạc			Sơ_cấp_16
做客	Zuòkè	làm khách			Sơ_cấp_17
干净	Gānjìng	(a) sạch sẽ			Sơ_cấp_17
净	[tịnh]	sạch sẽ			Hán_Việt
争	[tranh]	tranh giành, tranh luận			Hán_Việt
哎呀	Āiyā	trời ơi			Sơ_cấp_17
哎	[ai]	chà, ui			Hán_Việt
艾	[ngải]	艾 = 艸 丿			Hán_Việt
一点儿	Yīdiǎn er	một chút (mức độ)			Sơ_cấp_17
心意	Xīnyì	trân trọng, tấm lòng			Sơ_cấp_17
收下	Shōu xià	chấp nhận			Sơ_cấp_17
收	[thu	thu gom, thu về, thu dọn		* thâu = cưu phộc]	Hán_Việt
丩	[cưu]	quấn quýt			Hán_Việt
茶	Chá	trà			Sơ_cấp_17
果汁儿	Guǒzhī er	nước trái cây			Sơ_cấp_17
汁	[trấp	hiệp: giúp đỡ	trấp, chấp: nhựa, chất lỏng	* chấp
* hiệp]
* trấp, chấp: nhựa, chất lỏng	Hán_Việt
随便	Suíbiàn	tùy tiện, gì cũng được			Sơ_cấp_17
随	[tùy = phụ hữu]	tùy theo			Hán_Việt
迶	[hữu]	đi			Hán_Việt
路上	Lùshàng	trên đường			Sơ_cấp_17
顺利	Shùnlì	thuận lợi			Sơ_cấp_17
顺	[thuận = xuyên hiệt]	suôn sẻ, thuận lợi			Hán_Việt
利	[lợi = hòa đao]	lợi ích, công dụng			Hán_Việt
挤	Jǐ	đông đúc	bóp, nặn, vắt	* [tễ = thủ tề]
* bóp, nặn, vắt	Sơ_cấp_17
齐	[tề]	nước Tề			Hán_Việt
打车	Dǎchē	bắt taxi	đi taxi	* đi taxi	Sơ_cấp_17
空调大巴	Kòngtiáo dàbā	xe buýt máy lạnh			Sơ_cấp_17
调	[điều	điều: điều chỉnh	điệu: điệu, khúc, điều động	* điệu]
* điệu: điệu, khúc, điều động	Hán_Việt
地铁	Dìtiě	tàu điện ngầm			Sơ_cấp_17
地	Dì	đất		* [địa]	Hán_Việt
铁	[thiết]	sắt, thiết			Hán_Việt
失	[thất]	mất, sai lầm			Hán_Việt
夫	[phu]	chồng, đàn ông			Hán_Việt
饿	È	đói		* [ngã]	Sơ_cấp_17
吃	Chī	ăn, ăn uống		* [cập]	Sơ_cấp_17
乞	[khất]	ăn mày			Hán_Việt
试	Shì	thử (thí nghiệm, thí điểm)	thi tài, tỉ thí	* [thí = ngôn thử]
* thi tài, tỉ thí
* (thí ngôn thử, thí ngôn dặc công)	Sơ_cấp_17
式	[thức]	phép tắc, cách thức			Hán_Việt
什么都行	Shénme dōu xíng	cái gì cũng được hết			Sơ_cấp_17
不太会	Bù tài huì	không biết nhiều			Sơ_cấp_17
试试	Shì shì	vd: 试试吧 thử xem sao			Sơ_cấp_17
算	[toán]	tính toán			Hán_Việt
好吃	Hào chī	ăn ngon, ngon miệng			Sơ_cấp_18
味道	Wèidào	hương vị			Sơ_cấp_18
味	[vị = khẩu mùi]	味 = 口 未			Hán_Việt
北方	Běifāng	phương bắc			Sơ_cấp_18
客人	Kèrén	khách, người khách			Sơ_cấp_18
南方	Nánfāng	phương nam			Sơ_cấp_18
面食	Miànshí	mì, mì sợi			Sơ_cấp_18
重要	Zhòngyào	quan trọng			Sơ_cấp_18
重	[trùng	trùng: trùng lặp, trùng hợp	trọng: quan trọng, coi trọng	* trọng]
* trọng: quan trọng, coi trọng	Hán_Việt
食品	Shípǐn	thực phẩm			Sơ_cấp_18
品	[phẩm]	đồ dùng (văn phòng phẩm)	phẩm chất, phẩm cách	* phẩm chất, phẩm cách	Hán_Việt
麻烦	Máfan	rắc rối			Sơ_cấp_18
林	[lâm]	rừng			Hán_Việt
烦	[phiền]	烦 = 火 页			Hán_Việt
馅儿	Xiàn er	lắp đầy			Sơ_cấp_18
馅	[hãm]	nhân bánh			Hán_Việt
臽	[hãm]	hố nhỏ			Hán_Việt
超市	Chāoshì	siêu thị			Sơ_cấp_18
超	[siêu]	siêu phàm, siêu việt, vượt mức			Hán_Việt
市	[thị]	chợ			Hán_Việt
速冻	Sùdòng	đông lạnh, đông lạnh nhanh			Sơ_cấp_18
速	[tốc]	tốc độ, nhanh chóng, tốc hành			Hán_Việt
冻	[đông]	(n) nước đá	(v) đông, đông đá, đóng băng	* (v) đông, đông đá, đóng băng	Hán_Việt
如果	Rúguǒ	如果。。。的话，就。。。	nếu mà ..., thì...	* nếu mà ..., thì...	Sơ_cấp_18
的话	Dehuà	ở cuối câu điều kiện			Sơ_cấp_18
想	Xiǎng	muốn		* [tưởng]	Sơ_cấp_18
相	[tương	tương: tương trợ, qua lại	tướng: tướng mạo	* tướng]
* tướng: tướng mạo	Hán_Việt
袋	Dài	túi, bao, bị		* [đại]	Sơ_cấp_18
偷懒	Tōulǎn	lười biếng			Sơ_cấp_18
偷	[du	du: ăn trộm	thâu tóm	* thâu]
* thâu tóm
* (thâu nhân tập nguyệt đao)	Hán_Việt
俞	[du	đồng ý	Họ Du	* dũ]
* Họ Du	Hán_Việt
刖	[ngoạt]	1 hình phạt chặt chân hồi xưa			Hán_Việt
大家	Dàjiā	mọi người			Sơ_cấp_18
热闹	Rènào	sống động			Sơ_cấp_18
闹	[náo]	ầm ĩ, huyên náo			Hán_Việt
有意思	Yǒuyìsi	thú vị			Sơ_cấp_18
对。。。来说	Duì... Lái shuō	đối với ... mà nói			Sơ_cấp_18
长	Zhǎng	dài		* [tràng
* trường]	Sơ_cấp_19
多长	Duō zhǎng	bao lâu			Sơ_cấp_19
年	Nián	năm		* [niên]	Sơ_cấp_19
习惯	Xíguàn	(v) đã từng	(v) đã quen	* (v) đã quen	Sơ_cấp_19
惯	[quán]	quán tính, thói quen			Hán_Việt
贯	[quán]	quê quán, quê hương	họ Quán	* họ Quán	Hán_Việt
贝	[bối]	vật quý (bảo bối)			Hán_Việt
生活	Shēnghuó	sinh hoạt, cuộc sống			Sơ_cấp_19
活	[hoạt]	hoạt động			Hán_Việt
刚	Gāng	(a) cứng	(adv) vừa	* [cương]
* (adv) vừa	Sơ_cấp_19
已经	Yǐjīng	(adv) rồi			Sơ_cấp_19
经	[kinh]	(n) kinh sách	(n) trải qua (kinh nghiệm)	* (n) trải qua (kinh nghiệm)	Hán_Việt
不好意思	Bù hǎoyìsi	ngại quá			Sơ_cấp_19
才	Cái	(adv) vừa mới		* [tài]	Sơ_cấp_19
起床	Qǐchuáng	thức dậy			Sơ_cấp_19
床	chuáng	giường, cái giường		* [sàng]	Sơ_cấp_19
夜里	Yèlǐ	buổi tối			Sơ_cấp_19
夜	[dạ]	đêm	(dạ tiệc)	* (dạ tiệc)	Hán_Việt
点钟	Diǎn zhōng	10 giờ, 12 giờ			Sơ_cấp_19
早睡早起	Zǎo shuì zǎoqǐ	ngủ sớm dậy sớm			Sơ_cấp_19
工作	Gōngzuò	làm việc			Sơ_cấp_19
毛病	Máobìng	thói xấu			Sơ_cấp_19
病	病	bệnh		* [bệnh]	Hán_Việt Sơ_cấp_22
丙	[bính]	can thứ 3 trong 10 can			Hán_Việt
内	[nội]	nội			Hán_Việt
改	Gǎi	thay đổi		* [cải]	Sơ_cấp_19
年级	Niánjí	tuổi			Sơ_cấp_19
级	[cấp]	cấp bậc			Hán_Việt
大概	Dàgài	khoảng, xấp xỉ			Sơ_cấp_19
概	[khái]	khái quát, bao quát			Hán_Việt
既	[ký]	đã (đã rồi, đã xong)			Hán_Việt
岁	Suì	năm, tuổi (vạn tuế)		* [tuế]	Sơ_cấp_19
是吗？		phải không? phải vậy không?			Sơ_cấp_19
没习惯	Méi xíguàn	chưa quen			Sơ_cấp_19
叉	[xoa]	đâm xiên			Hán_Việt
及	[cập]	及 = 丿 又			Hán_Việt
别客气	Bié kèqì	Ý nghĩa thì nhẹ nhàng hơn 不客气			Sơ_cấp_20
无聊	Wúliáo	chán			Sơ_cấp_20
聊	[liêu]	tán gẫu, tạm thời			Hán_Việt
医院	Yīyuàn	bệnh viện			Sơ_cấp_20
医	[y]	y: thầy thuốc			Hán_Việt
做梦	Zuòmèng	mơ, mơ ước			Sơ_cấp_20
梦	[mộng]	mơ mộng			Hán_Việt
幸福	Xìngfú	hạnh phúc			Sơ_cấp_20
幸	[hạnh]	幸 = 土 丷 干			Hán_Việt
福	[phúc]	phúc lành			Hán_Việt
背	Bèi	thuộc lòng		* [bội]	Sơ_cấp_20
生词	Shēngcí	từ mới			Sơ_cấp_20
考试	Kǎoshì	khảo thí			Sơ_cấp_20
考	[khảo]	thi cử			Hán_Việt
累	Lèi	mệt mỏi		* [lụy]	Sơ_cấp_20
死	Sǐ	chết		* [tử]	Sơ_cấp_20
住	Zhù	trú ngụ, ở		* [trú]	Sơ_cấp_20
医生	Yīshēng	bác sĩ			Sơ_cấp_20
同意	Tóngyì	đồng ý			Sơ_cấp_20
对了	Duìle	oh yeah	nhân tiện,...	* nhân tiện,...	Sơ_cấp_20
炒	Chǎo	xào nấu		* [sao]	Sơ_cấp_20
菜	Cài	rau, rau củ		* [thái]	Sơ_cấp_20
采	[thải]	hái (hoa), ngắt (hoa), lựa chọn			Hán_Việt
面条儿	Miàntiáo er	mì			Sơ_cấp_20
病人	Bìngrén	bệnh nhân, người bệnh			Sơ_cấp_20
药	Yào	thuốc		* [dược]	Sơ_cấp_20
约	[ước]	giao ước			Hán_Việt
生气	Shēngqì	giận dữ, bực bội			Sơ_cấp_21
脸色	Liǎnsè	sắc mặt			Sơ_cấp_21
脸	[liêm]	mặt, khuôn mặt, mặt mũi (liêm sĩ)			Hán_Việt
佥	[thiêm]	đều, cùng			Hán_Việt
熬夜	Áoyè	thức khuya			Sơ_cấp_21
熬	[ngao]	cố, chịu, nấu			Hán_Việt
敖	[ngao]	ngao du, chơi			Hán_Việt
白酒	Báijiǔ	rượu, rượu trắng, bạch tưởu			Sơ_cấp_21
疼	Téng	đau			Sơ_cấp_21
疯	Fēng	khùng, điên			Sơ_cấp_21
醉	Zuì	say		* [túy]	Sơ_cấp_21
卒	[tốt]	quân lính, tôi tớ			Hán_Việt
吐	Tǔ	thổ lộ, vứt bỏ, nở (hoa)		* [thổ]	Sơ_cấp_21
热情	Rèqíng	nhiệt tình, hăng hái			Sơ_cấp_21
不停	Bù tíng	không ngừng			Sơ_cấp_21
停	[đình]	dừng lại			Hán_Việt
亭	[đình]	cái đình			Hán_Việt
倒	Dào	khuấy, đảo ngược, đổ		* [đảo]	Sơ_cấp_21
有的	Yǒu de	một số			Sơ_cấp_21
请客	Qǐngkè	mời khách, đón tiếp			Sơ_cấp_21
劝酒	Quànjiǔ	uống thêm			Sơ_cấp_21
劝	[khuyến]	khuyên bảo, khuyến khích			Hán_Việt
渴	Kě	khát			Sơ_cấp_21
帮	Bāng	giúp		* [bang]	Sơ_cấp_21
邦	[bang]	bang, nước			Hán_Việt
丰	[phong]	họ Phong, được mùa, xung túc			Hán_Việt
三	[tam]	3	ba	* ba
* thuộc bộ nhất	Hán_Việt
杯	Bēi	ly, cốc		* [bôi]	Sơ_cấp_21
困	Kùn	buồn ngủ, khốn cùng		* [khốn]	Sơ_cấp_21
继续	Jìxù	tiếp tục			Sơ_cấp_21
继	[kế]	kế tiếp, tiếp theo			Hán_Việt
续	[tục]	tiếp tục			Hán_Việt
能	Néng	có thể, có khả năng			Sơ_cấp_22
感冒	Gǎnmào	cảm lạnh			Sơ_cấp_22
感	[cảm]	(v) cảm thấy, cảm động, tình cảm			Hán_Việt
冒	[mạo]	giả mạo			Hán_Việt
头疼	Tóuténg	đau đầu			Sơ_cấp_22
发烧	Fāshāo	phát sốt			Sơ_cấp_22
烧	[thiêu]	thiêu, cháy			Hán_Việt
尧	[nghiêu]	vua Nghiêu			Hán_Việt
咳嗽	Késòu	ho			Sơ_cấp_22
咳	[Khái]	咳 = 口 亥			Hán_Việt
嗽	[thấu]	嗽 = 口 欶			Hán_việt
欶	[sóc]	mút, hút			Hán_việt
前天	Qiántiān	ngày hôm kia			Sơ_cấp_22
场	Chǎng	trận			Sơ_cấp_22
足球	Zúqiú	bóng đá			Sơ_cấp_22
球	[cầu]	banh, hình cầu, khối cầu			Hán_việt Sơ_cấp_24
比赛	Bǐsài	trận đấu			Sơ_cấp_22
赛	[trại]	赛 = 宀 共 见			Hán_Việt
回来	Huílái	quay lại			Sơ_cấp_22
带	Dài	mang, đeo		* [đới]	Sơ_cấp_22
伞	Sǎn	cái dù		* [tản]	Sơ_cấp_22
看病	Kànbìng	xem bệnh			Sơ_cấp_22
打针	Dǎzhēn	tiêm thuốc			Sơ_cấp_22
针	[trâm]	针 = 金 十			Hán_Việt
最好	Zuì hǎo	cực tốt			Sơ_cấp_22
请假条	Qǐngjià tiáo	đơn nghỉ phép			Sơ_cấp_22
假	[giả]	giả mạo, giả sử			Hán_Việt
请假	Qǐngjià	xin phép, nghỉ phép			Sơ_cấp_22
希望	Xīwàng	hi vọng, mong			Sơ_cấp_22
希		hi, hy			Hán_Việt
望	vọng	望 = 亡 月 王			Hán_Việt
批准	Pīzhǔn	phê duyệt			Sơ_cấp_22
批		phê, phê bình			Hán_Việt
迟到	Chídào	đến trễ			Sơ_cấp_23
迟	[trì]	trì hoãn, chậm trễ, muộn			Hán_Việt
堵车	Dǔchē	kẹt xe			Sơ_cấp_23
堵	Dǔ	ngăn ngừa		* [đổ]	Hán_Việt
坏	Huài	hư, hư hại, xấu		* [hoại]	Sơ_cấp_23
轮胎	Lúntāi	lốp xe			Sơ_cấp_23
轮	[luân]	cái vòng (luân hồi), bánh xe			Hán_Việt
仑	[lôn]	sắp xếp			Hán_Việt
胎	[thai]	bào thai, phôi thai			Hán_Việt
破	Pò	phá, hư, phá hỏng		* [phá]	Sơ_cấp_23
倒霉	Dǎoméi	xui xẻo			Sơ_cấp_23
霉	[môi]	mốc, meo, vi khuẩn			Hán_Việt
小时	Xiǎoshí	giờ			Sơ_cấp_23
平时	Píngshí	thông thường, bình thường			Sơ_cấp_23
钟头	Zhōngtóu	giờ			Sơ_cấp_23
着急	Zhāojí	lo lắng			Sơ_cấp_23
着	[chước]	mưu, kế			Hán_Việt
急	[cấp]	vội vàng, khẩn cấp			Hán_Việt
刍	[sô]	cỏ khô, nuôi (ngựa) bằng cỏ			Hán_Việt
作文	Zuòwén	làm văn, bài luận			Sơ_cấp_23
口语	Kǒuyǔ	khẩu ngữ			Sơ_cấp_23
初中	Chūzhōng	trường trung học cơ sở			Sơ_cấp_23
初	[sơ]	bắt đầu, lần đầu, vừa mới			Hán_Việt
语法	Yǔfǎ	ngữ pháp			Sơ_cấp_23
简单	Jiǎndān	đơn giản			Sơ_cấp_23
简	[giản]	giản dị, lược bớt			Hán_Việt
单	[đơn]	đơn giản			Hán_Việt
翻译	Fānyì	dịch (dịch thuật)			Sơ_cấp_23
翻	[phiên]	phiên dịch, lật lại			Hán_Việt
番	[phiên]	lượt, phiên			Hán_Việt
译	[dịch]	thông dịch, diễn dịch			Hán_Việt
学期	Xuéqí	học kỳ			Sơ_cấp_23
食堂	Shítáng	quán cà phê			Sơ_cấp_24
堂	[đường]	lễ đường, công đường, gian nhà chính			Hán_Việt
聚会	Jùhuì	tụ hội, họp lại			Sơ_cấp_24
聚	[tụ]	tụ lại			Hán_Việt
乑	[khâm]	đám đông			Hán_Việt
祝	Zhù	chúc			Sơ_cấp_24
快乐	Kuàilè	hạnh phúc			Sơ_cấp_24
碗	Wǎn	tô, bát		* [oản]	Sơ_cấp_24
宛	[uyển]	nhỏ bé			Hán_Việt
夗	[uyển]	夗 = 夕 卩			Hán_Việt
葡萄酒	Pútáojiǔ	rượu bồ đào			Sơ_cấp_24
葡	[bồ]	bồ đào			Hán_Việt
匍	[bồ]	bò , bò trên mặt đất			Hán_Việt
萄	[đào]	bồ đào, cây nho			Hán_Việt
匋	[đào]	đào, đồ gốm, họ Đào			Hán_Việt
冰激凌	Bīngjīlíng	kem			Sơ_cấp_24
冰	[băng]	nước đá			Hán_Việt
激	[khích]	khích lệ			Hán_Việt
敫	[kiểu]	quang cảnh lưu động, họ Kiểu			Hán_Việt
凌	[lăng]	xâm lăng			Hán_Việt
夌	[lăng]	xâm phạm			Hán_Việt
卡拉 OK	Kǎlā OK	karaoke			Sơ_cấp_24
卡	[tạp]	ngăn lại, giữ lại	thiệp (thiệp mừng)	* thiệp (thiệp mừng)	Hán_Việt
放心	Fàngxīn	yên tâm			Sơ_cấp_24
美术馆	Měishù guǎn	bảo tàng nghệ thuật			Sơ_cấp_24
术	[thuật]	kỹ thuật, học thuật			Hán_Việt
展览	Zhǎnlǎn	triển lãm, buổi triển lãm			Sơ_cấp_24
展		trưng bày, mở ra			Hán_Việt
览	[lãm]	xem			Hán_Việt
没意见	Méi yìjiàn	không ý kiến (đồng ý)			Sơ_cấp_24
意见	yìjiàn	ý kiến			Sơ_cấp_24
找	Zhǎo	tìm kiếm		* [trảo]	Sơ_cấp_24
门口	Ménkǒu	lối vào, cửa vào			Sơ_cấp_24
见面	见面	gặp, diện kiến			Sơ_cấp_24
上网	Shàngwǎng	lên mạng, truy cập internet			Sơ_cấp_24
聊天儿	Liáotiān er	trò chuyện, tán gẫu			Sơ_cấp_24
这么	Zhème	(cái) này			Sơ_cấp_25
电视剧	Diànshìjù	kịch truyền hình			Sơ_cấp_25
剧	[kịch]	剧 = 居 刀			Hán_Việt
居	[cư]	cư trú			Hán_Việt
太极拳	Tàijí quán	thái cực quyền			Sơ_cấp_25
极	[cực]	tột cùng			Hán_Việt
拳	[quyền]	nắm tay			Hán_Việt
参加	Cānjiā	tham gia			Sơ_cấp_25
参	[tham]	tham dự			Hán_Việt
班	Bān	lớp học		* [ban]	Sơ_cấp_25
报名	Bàomíng	báo danh, đăng ký			Sơ_cấp_25
报	[báo]	báo cáo	(thủ-phục)	* (thủ-phục)	Hán_Việt
忘	Wàng	quên		* [vong]	Sơ_cấp_25
重新	Chóngxīn	lần nữa, lại			Sơ_cấp_25
湖	Hú	hồ, ao hồ		* [hồ]	Sơ_cấp_25
胡		người Hồ, yếm cổ			Hán_Việt
跑步	跑步	chạy bộ			Sơ_cấp_25
跑	Pǎo	chạy, phi, phóng		* [bào]	Hán_Việt
步	[bộ]	đi chân, bước			Hán_Việt
劲儿	Jìn er	sức mạnh			Sơ_cấp_25
劲	[kình]	mạnh			Hán_Việt
汗	Hàn	mồ hôi		* [hãn]	Sơ_cấp_25
锻炼	Duànliàn	rèn luyện			Sơ_cấp_25
锻	[đoàn	rèn		* đoạn]	Hán_Việt
段	[đoạn]	đoạn, khúc			Hán_Việt
炼	[luyện]	tôi luyện			Hán_Việt
棒	Bàng	gậy, cây gậy	tài giỏi	* [bổng]
* tài giỏi	Sơ_cấp_25
奉	[phụng]	phụng mệnh, phụng dưỡng			Hán_Việt
散步	Sànbù	tản bộ, đi dạo			Sơ_cấp_25
散	[tản	tán nhỏ ra	thư giãn	* tán]
* thư giãn	Hán_Việt
接	Jiē	trả lời điện thoại, nhận điện thoại	tiếp tục, tiếp nối	* [tiếp]
* tiếp tục, tiếp nối	Sơ_cấp_26
妾	[thiếp]	vợ, tiếng xưng hô của vợ			Hán_Việt
用功	Yònggōng	chăm chỉ			Sơ_cấp_26
功	[công]	công lao			Hán_Việt
基础	Jīchǔ	cơ sở, nền tảng			Sơ_cấp_26
基	[cơ]	nền móng			Hán_Việt
础	[sở]	đá tảng			Hán_Việt
旅行	Lǚxíng	du lịch, lữ hành			Sơ_cấp_26
旅	[lữ]	quán trọ, du lịch			Sơ_cấp_26
只好	Zhǐhǎo	đành phải, buộc phải			Sơ_cấp_26
努力	Nǔlì	nỗ lực			Sơ_cấp_26
努	[nỗ]	cố gắng			Hán_Việt
奴	[nô]	nô tì, người ở			Hán_Việt
快要	Kuàiyào	sắp + ... = sắp xảy ra			Sơ_cấp_26
放假	Fàngjià	nghỉ lễ (động từ)			Sơ_cấp_26
假期	Jiàqī	ngày lễ (danh từ)			Sơ_cấp_26
决定	Juédìng	quyết định			Sơ_cấp_26
决	[quyết]	quyết tâm			Hán_Việt
定	[định]	dự định			Hán_Việt
可能	Kěnéng	khả năng, có thể			Sơ_cấp_26
出发	Chūfā	xuất phát			Sơ_cấp_26
考虑	Kǎolǜ	khảo sát			Sơ_cấp_26
虑	[lư	lo, âu		* lự]	Hán_Việt
明信片	Míngxìnpiàn	bưu thiếp			Sơ_cấp_26
信	[tín]	thư tín, tin cậy			Hán_Việt
圣诞节	Shèngdàn jié	lễ Giáng Sinh			Sơ_cấp_26
圣	[thánh]	thần thánh			Hán_Việt
诞	[đản]	sinh ra			Hán_Việt
延	[diên]	kéo dài			Hán_Việt
新年	Xīnnián	năm mới, tân niên			Sơ_cấp_26
寄	Jì	gửi		* [kí]	Sơ_cấp_26
贺卡	Hèkǎ	thiệp mừng			Sơ_cấp_26
贺	[hạ]	họ Hạ, chúc mừng			Hán_Việt
办法	Bànfǎ	phương pháp, biện pháp			Sơ_cấp_26
办	[biện]	buộc tội, lo liệu			Hán_Việt
亲戚	Qīnqī	ruột thịt			Sơ_cấp_26
戚	[thích]	thân thích			Hán_Việt
尗	[thúc]	bát đựng đồ ăn			Hán_Việt
整整	Zhěngzhěng	trọn vẹn, toàn bộ			Sơ_cấp_26
敕	[sắc]	sắc lệnh			Hán_Việt
刚才	Gāngcái	vừa mới			Sơ_cấp_26
邮票	Yóupiào	bưu phiếu, con tem			Sơ_cấp_26
排队	Páiduì	xếp hàng			Sơ_cấp_26
队	[đội]	đội quân			Hán_Việt
计划	Jìhuà	kế hoạch			Sơ_cấp_27
计	[kế]	kế sách, mưu kế			Hán_Việt
划	[hoạch]	hoạch định, vạch ra			Hán_Việt
待	Dài	đối đãi, lưu lại, ở lại		* [đãi]	Sơ_cấp_27
地方	Dìfāng	địa phương			Sơ_cấp_27
风景	Fēngjǐng	phong cảnh			Sơ_cấp_27
极了	Jíle	vô cùng			Sơ_cấp_27
复习	Fùxí	ôn tập			Sơ_cấp_27
复	[phục	khôi phục, làm lại, phúc khảo		* phúc]	Hán_Việt
功课	Gōngkè	bài tập về nhà			Sơ_cấp_27
毕业	Bìyè	tốt nghiệp			Sơ_cấp_27
毕	[tất]	xong hết, hoàn tất			Hán_Việt
抓紧	Zhuājǐn	tận dụng (thời gian)			Sơ_cấp_27
抓	[trảo]	nắm lấy			Hán_Việt
紧	[khẩn]	căng dây			Hán_Việt
方面	方面	phương diện, khía cạnh			Sơ_cấp_27
古代	Gǔdài	cổ đại, cổ xưa			Sơ_cấp_27
历史	Lìshǐ	lịch sử			Sơ_cấp_27
历	[lịch]	trải qua, vượt qua			Hán_Việt
史	[sử]	sử sách			Hán_Việt
感兴趣	Gǎn xìngqù	có hứng thú			Sơ_cấp_27
趣	[thú]	thú vui, ham thích			Hán_Việt
教授	Jiàoshòu	giáo sư			Sơ_cấp_27
授	[thụ]	truyền thụ			Hán_Việt
受	[thụ]	nhận, được, bị			Hán_Việt
考上	Kǎo shàng	thi đậu, thi đỗ			Sơ_cấp_27
春节	Chūnjié	hội xuân			Sơ_cấp_27
让	Ràng	nhường, nhượng		* [nhượng]	Sơ_cấp_27
问题	Wèntí	vấn đề, câu hỏi			Sơ_cấp_27
应该	Yīnggāi	nên (nên làm gì)			Sơ_cấp_27
应	[ưng	thích (ưng), ứng phó		* ứng]	Hán_Việt
该	[cai]	nên, cần			Hán_Việt
想念	Xiǎngniàn	tưởng niệm, nhớ			Sơ_cấp_27
念	[niệm]	mong mỏi, nhớ			Hán_Việt
趟	Tàng	chuyến (đơn vị cho hành trình)			Sơ_cấp_27
尚	[thượng]	vẫn còn, khoe khoang, tự phụ, họ Thượng			Hán_Việt
星期	Xīngqí	tuần			Sơ_cấp_28
有些	Yǒuxiē	một số			Sơ_cấp_28
报告	Bàogào	báo cáo			Sơ_cấp_28
告	[cáo]	báo cho biết			Hán_Việt
放松	Fàngsōng	thư giãn			Sơ_cấp_28
松	[tung]	lỏng lẻo, buông ra			Hán_Việt
紧张	Jǐnzhāng	khẩn trương, căng thẳng, hồi hộp			Sơ_cấp_28
效果	Xiàoguǒ	hiệu quả			Sơ_cấp_28
效	[hiệu]	công hiệu			Hán_Việt
为什么	Wèishéme	tại sao			Sơ_cấp_28
够	Gòu	đủ, đầy đủ		* [câu]	Sơ_cấp_28
阅读	Yuèdú	đọc, đọc hiểu (không thành tiếng)			Sơ_cấp_28
阅	[duyệt]	duyệt, xem xét			Hán_Việt
汉字	Hànzì	Hán tự			Sơ_cấp_28
慢	Màn	chậm		* [mạn]	Sơ_cấp_28
曼	[mạn]	nhỏ nhắn			Hán_Việt
确实	Quèshí	xác thật, thật ra, thật sự			Sơ_cấp_28
确	[xác]	thật, xác thật			Hán_Việt
实	[thật	sự thật		* thực]	Hán_Việt
记	Jì	nhớ		* [ký]	Sơ_cấp_28
方法	Fāngfǎ	phương pháp			Sơ_cấp_28
编	Biān	chỉnh sửa, biên tập		* [biên]	Sơ_cấp_28
故事	Gùshì	câu chuyện			Sơ_cấp_28
也许	Yěxǔ	có lẽ			Sơ_cấp_28
许	[hứa]	hứa hẹn, họ Hứa			Hán_Việt
帮助	Bāngzhù	cứu giúp			Sơ_cấp_28
助	[trợ]	trợ giúp			Hán_Việt
担心	Dānxīn	lo lắng			Sơ_cấp_28
担	[đảm]	khiêng, mang, vác			Hán_Việt
解决	Jiějué	giải quyết			Sơ_cấp_28
解	[giải]	giải thoát, cởi			Hán_Việt
全部	Quánbù	toàn bộ, tất cả			Sơ_cấp_29
全	[toàn]	họ Toàn, vẹn toàn			Hán_Việt
终于	Zhōngyú	cuối cùng			Sơ_cấp_29
终	[chung]	chung cuộc, cuối cùng, kết thúc			Hán_Việt
于	[vu]	đi			Hán_Việt
别提	Biétí	miễn bàn, khỏi phải nói, không thể tả			Sơ_cấp_29
提	tí	cầm, nhấc, nâng	đề cập	* [đề]
* đề cập	Sơ_cấp_29
糟糕	Zāogāo	nguy rồi, hỏng rồi			Sơ_cấp_29
糟	[tao]	ngâm, ướp, muối			Hán_Việt
曹	[tào]	曺 = 東 東	(giản thể của 2 chữ đông phồn thể)	* (giản thể của 2 chữ đông phồn thể)
* nước Tào	Hán_Việt
声调	Shēngdiào	thanh điệu			Sơ_cấp_29
声	[thanh]	声 = 士 尸			Hán_Việt
谦虚	Qiānxū	khiêm tốn			Sơ_cấp_29
谦	[khiêm]	nhún nhường			Hán_Việt
兼	[kiêm]	䒑 = 艸	bao gồm, kiêm nhiệm	* bao gồm, kiêm nhiệm	Hán_Việt
嗐	Hài	chà, ôi (thán từ)		* [hại]	Sơ_cấp_29
害	[hại]	có hại			Hán_Việt
火车	Huǒchē	xe lửa			Sơ_cấp_29
卧铺	Wòpù	giường nằm (xe giường nằm)			Sơ_cấp_29
卧	[ngọa]	nằm, nằm ngửa			Hán_Việt
铺	[phô]	phô bày			Hán_Việt
另外	Lìngwài	ngoài ra			Sơ_cấp_29
硬座	Yìngzuò	ghế cứng			Sơ_cấp_29
硬	[ngạnh]	ương ngạnh bướng bỉnh, cứng	(thạch - canh)	* (thạch - canh)	Hán_Việt
补	Bǔ	bổ sung, thêm vào, tẩm bổ, bổ ích		* [bổ]	Sơ_cấp_29
联欢	Liánhuān	liên hoan			Sơ_cấp_29
联	[liên]	liên kết, liên minh			Hán_Việt
晚会	Wǎnhuì	buổi tiệc, dạ tiệc, tiệc tối			Sơ_cấp_29
表演	Biǎoyǎn	biểu diễn			Sơ_cấp_29
表	[biểu]	龶 = 土 一	biểu diễn, tỏ	* biểu diễn, tỏ
* (龶 bản chất là bộ thổ thêm 1 nét nữa, không phải chữ vương, có thể gặp ở bộ Thanh)	Hán_Việt
演	[diễn]	diễn ra			Hán_Việt
寅	[dần]	chi Dần (con cọp)			Hán_Việt
节目	Jiémù	tiết mục			Sơ_cấp_29
这个	Zhège	cái này... (thán tự, do dự)			Sơ_cấp_29
行李	Xínglǐ	Hành lý			Sơ_cấp_30
收拾	Shōushí	đóng gói, sắp xếp, thu thập			Sơ_cấp_30
拾	[thập]	thu thập, nhặt			Hán_Việt
半天	Bàntiān	nửa ngày, buổi			Sơ_cấp_30
整天	Zhěng tiān	cả ngày			Sơ_cấp_30
联欢会	Liánhuān huì	tiệc liên hoan			Sơ_cấp_30
需要	Xūyào	nhu cầu			Sơ_cấp_30
需	[nhu]	dùng, nhu cầu, đồ dùng			Hán_Việt
英文	Yīngwén	Anh Văn			Sơ_cấp_30
流行	Liúxíng	phổ biến, lưu hành			Sơ_cấp_30
流	[lưu]	dòng chảy			Hán_Việt
歌曲	Gēqǔ	bài hát, ca khúc			Sơ_cấp_30
歌	[ca]	ca hát			Hán_Việt
曲	[khúc]	khúc, đoạn			Hán_Việt
民歌	Míngē	dân ca			Sơ_cấp_30
民	[dân]	người dân			Hán_Việt
好听	Hǎotīng	hay (nghe hay)			Sơ_cấp_30
发音	Fāyīn	phát âm			Sơ_cấp_30
懂	Dǒng	hiểu, hiểu biết		* [đổng]	Sơ_cấp_30
董	[đổng]	họ Đổng			Hán_Việt
熟悉	Shúxī	quen thuộc (với)			Sơ_cấp_30
熟	[thục]	chín, kỹ càng			Hán_Việt
孰	[thục]	ai đó, cái gì đó			Hán_Việt
享	[hưởng]	hưởng thụ, dâng lên			Hán_Việt
歌词	Gēcí	ca từ, lời, lời bài hát			Sơ_cấp_30
标准	Biāozhǔn	tiêu chuẩn			Sơ_cấp_30
标	[tiêu]	ngọn nguồn, nêu lên			Hán_Việt
面子	Miànzi	mặt, khuôn mặt, sỉ diện, bề mặt, mặt ngoài			Sơ_cấp_30
光盘	Guāngpán	đĩa quang, CD (đĩa CD)			Sơ_cấp_30
光	[quang]	sáng			Hán_Việt
盘	[bàn]	cái chậu, đĩa to			Hán_Việt
次	Cì	thứ, thứ cấp, thứ bậc	lần, số lần, đợt, lượt (times)	* [thứ]
* lần, số lần, đợt, lượt (times)	Sơ_cấp_30
怕	Pà	sợ		* [phạ]	Sơ_cấp_30
整	[chỉnh]	chỉnh sửa			Hán_Việt
悉	[tất]	tất cả, hết thảy			Hán_Việt
虚	[hư]	虚 = 虍 业			Hán_Việt
東	[đông]	(phồn thể), giản thể là 东			Hán_Việt
户	[hộ]	户 = 戶			Hán_Việt
冊	[sách]	冊 = 冂 廾			Hán_Việt
己	[kỷ]	bộ kỷ			Hán_Việt